Workbook

Sheet Start Here
A1: Painting Estimator — Hybrid Inputs (Manual or App)
A3: How to use:
A4: 1) Manual entry: fill green cells in INPUT_* tabs (Rooms, Segments, Openings, Doors, PreJob).
A5: 2) App entry: write the same tables via API. Formulas live only in Engine/Summary/Estimate Builder.
A6: 3) Main job rounding: Summary rounds MAIN labor to 0.5 day; PreJob totals stay separate and are added after.
A8: Key design rules:
A9: - Inches-first inputs
A10: - Constants are single source of truth (add rows, avoid formula edits)
A11: - Scopes don't reference each other; they all reference INPUT_* tables

Sheet Job Control
A1: JOB CONTROL (optional for app integration)
A3: Active JobID
A4: Tip | B4: Engines/Summary/Estimate Builder read the JobID from this sheet. App can set it after syncing inputs.

Sheet Constants
A1: CONSTANTS — Single Source of Truth (add rows; avoid editing formulas)
A3: Guidance:
A4: • Add new rows within a section to expand (e.g., new OpeningType, DoorType, TrimItem).
A5: • Engines use wide ranges so adding rows usually requires no formula changes.
A6: • Keep keys unique within each table (e.g., OpeningType names).
A8: JOB DEFAULTS | E8: PREP FACTORS | H8: HEIGHT FACTORS (ft)
A9: Key | B9: Value | C9: Notes | E9: PrepLevel | F9: Factor | H9: MinFt | I9: Multiplier | J9: Notes
A10: DayHours | B10: 8 | C10: Workday length for rounding | E10: Light | F10: 1 | H10: 0 | I10: 1 | J10: 0–9ft
A11: RoundIncrementHours | B11: 4 | C11: Half-day rounding increment (hrs) | E11: Medium | F11: 1.35 | H11: 9 | I11: 1.15 | J11: 9–12ft
A12: LaborRate | B12: 65 | C12: Default labor rate ($/hr) | E12: Heavy | F12: 1.8 | H12: 12 | I12: 1.3 | J12: 12–16ft
A13: Markup | B13: 1.35 | C13: Default markup multiplier | H13: 16 | I13: 1.5 | J13: 16ft+
A14: WallCoverageSqftPerGalPerCoat | B14: 350 | C14: Coverage assumption
A15: CeilingCoverageSqftPerGalPerCoat | B15: 350 | C15: Coverage assumption
A16: TrimCoverageSqftPerGalPerCoat | B16: 350 | C16: Optional
A17: SchemaVersion | B17: v5 | C17: App checks this before writing inputs
A19: WALL LABOR MODEL (mins) | F19: CEILING LABOR MODEL (mins)
A20: Key | B20: Value | C20: Notes | F20: Key | G20: Value | H20: Notes
A21: PrepMinsPerSqft | B21: 0.12 | C21: Base prep mins/sqft | F21: PrepMinsPerSqft | G21: 0.1 | H21: Base prep mins/sqft
A22: PaintMinsPerSqftPerCoat | B22: 0.08 | C22: Paint mins/sqft per coat | F22: PaintMinsPerSqftPerCoat | G22: 0.09 | H22: Paint mins/sqft per coat
A23: PrimerFullMinsPerSqft | B23: 0.06 | C23: Primer mins/sqft for full prime | F23: PrimerFullMinsPerSqft | G23: 0.07 | H23: Primer mins/sqft for full prime
A24: PrimerSpotFactor | B24: 0.35 | C24: Multiply full-prime mins for spot prime | F24: PrimerSpotFactor | G24: 0.35 | H24: Multiply full-prime mins for spot prime
A29: OPENING TYPES (defaults) | H29: DOOR TYPES (per side mins)
A30: OpeningType | B30: Category | C30: DefaultWidth_in | D30: DefaultHeight_in | E30: CasingLF_default | F30: CutInMins_each | H30: DoorType | I30: PrepMins_perSide | J30: PaintMinsPerCoat_perSide | K30: PrimerMins_perSide
A31: Single Door | B31: Door | C31: 36 | D31: 80 | E31: 17 | F31: 12 | H31: Hollow Core | I31: 6 | J31: 8 | K31: 6
A32: Double Door | B32: Door | C32: 60 | D32: 80 | E32: 24 | F32: 18 | H32: 6 Panel | I32: 10 | J32: 14 | K32: 10
A33: Single Window | B33: Window | C33: 36 | D33: 48 | E33: 14 | F33: 10 | H33: Solid Core | I33: 12 | J33: 16 | K33: 12
A34: Double Window | B34: Window | C34: 72 | D34: 48 | E34: 22 | F34: 16 | H34: French | I34: 20 | J34: 24 | K34: 20
A35: Slider | B35: Door | C35: 72 | D35: 80 | E35: 0 | F35: 20
A39: TRIM ITEMS (mins)
A40: TrimItem | B40: Unit | C40: PrepMins_perUnit | D40: PaintMinsPerCoat_perUnit | E40: PrimerMins_perUnit | F40: Notes
A41: Baseboard | B41: LF | C41: 0.35 | D41: 0.25 | E41: 0.2
A42: Crown | B42: LF | C42: 0.45 | D42: 0.3 | E42: 0.25
A43: Window Casing | B43: LF | C43: 0.6 | D43: 0.35 | E43: 0.3
A44: Door Casing | B44: LF | C44: 0.7 | D44: 0.4 | E44: 0.35
A45: Doors (leaf) | B45: EA | C45: 0 | D45: 0 | E45: 0 | F45: (leaf mins come from Door Types)
A51: PAINT PRODUCTS (prices + coverage)
A52: Product | B52: Type | C52: Price_per_gal | D52: Coverage_sqft_per_gal_per_coat | E52: Sheen/Notes | F52: Active?
A53: SW ProMar 400 | B53: Wall | C53: 40 | D53: 350 | E53: eggshell/satin varies | F53: Y
A54: SW Duration | B54: Wall | C54: 70 | D54: 350 | F54: Y
A55: SW Emerald | B55: Wall | C55: 85 | D55: 350 | F55: Y
A56: SW ProMar Ceiling | B56: Ceiling | C56: 38 | D56: 350 | E56: flat | F56: Y
A57: SW Emerald Urethane | B57: Trim | C57: 95 | D57: 450 | F57: Y
A58: SW ProClassic | B58: Trim | C58: 75 | D58: 400 | F58: Y
A59: Zinsser BIN | B59: Primer | C59: 65 | D59: 300 | E59: shellac | F59: Y
A60: SW Extreme Bond | B60: Primer | C60: 55 | D60: 300 | E60: bonding | F60: Y
A92: COLOR CODES (for app-friendly wall/ceiling color selection)
A93: ColorID | B93: DisplayName | C93: Active?
A94: A | B94: Color A | C94: Y
A95: B | B95: Color B | C95: Y
A96: C | B96: Color C | C96: Y
A97: D | B97: Color D | C97: Y
A98: E | B98: Color E | C98: Y
A99: F | B99: Color F | C99: Y
A100: G | B100: Color G | C100: Y
A101: H | B101: Color H | C101: Y
A104: SUPPLIES DEFAULTS (optional)
A105: Key | B105: Value
A106: SuppliesWallsPerSqft | B106: 0
A107: SuppliesCeilingsPerSqft | B107: 0
A108: SuppliesTrimPerLF | B108: 0
A121: CATALOGS (app reads these; add rows freely; use Active?='Y')
A123: CAT_PaintProducts
A124: PaintProductID | B124: DisplayName | C124: Type | D124: Price_per_gal | E124: Coverage_sqft_per_gal_per_coat | F124: Notes | G124: Active?
A125: PM400_WALL | B125: SW ProMar 400 | C125: Wall | D125: 40 | E125: 350 | G125: Y
A126: DURATION_WALL | B126: SW Duration | C126: Wall | D126: 70 | E126: 350 | G126: Y
A127: EMERALD_WALL | B127: SW Emerald | C127: Wall | D127: 85 | E127: 350 | G127: Y
A128: PM_CEILING | B128: SW ProMar Ceiling | C128: Ceiling | D128: 38 | E128: 350 | F128: flat | G128: Y
A129: EU_TRIM | B129: SW Emerald Urethane | C129: Trim | D129: 95 | E129: 450 | G129: Y
A130: PROCLASSIC_TRIM | B130: SW ProClassic | C130: Trim | D130: 75 | E130: 400 | G130: Y
A131: BIN_PRIMER | B131: Zinsser BIN | C131: Primer | D131: 65 | E131: 300 | F131: shellac | G131: Y
A132: EXTREME_BOND | B132: SW Extreme Bond | C132: Primer | D132: 55 | E132: 300 | F132: bonding | G132: Y
A135: CAT_TrimItems
A136: TrimItemID | B136: DisplayName | C136: Unit | D136: PrepMins_perUnit | E136: PaintMinsPerCoat_perUnit | F136: PrimerMins_perUnit | G136: Active?
A137: BASEBOARD_LF | B137: Baseboard | C137: LF | D137: 0.35 | E137: 0.25 | F137: 0.2 | G137: Y
A138: CROWN_LF | B138: Crown | C138: LF | D138: 0.45 | E138: 0.3 | F138: 0.25 | G138: Y
A139: WIN_CASING_LF | B139: Window Casing | C139: LF | D139: 0.6 | E139: 0.35 | F139: 0.3 | G139: Y
A140: DOOR_CASING_LF | B140: Door Casing | C140: LF | D140: 0.7 | E140: 0.4 | F140: 0.35 | G140: Y
A141: SOFFIT_LF | B141: Soffit / Beam | C141: LF | D141: 0.55 | E141: 0.35 | F141: 0.3 | G141: N
A144: CAT_OpeningTypes
A145: OpeningTypeID | B145: DisplayName | C145: Category | D145: DefaultWidth_in | E145: DefaultHeight_in | F145: CasingLF_default | G145: CutInMins_each | H145: Active?
A146: SINGLE_DOOR | B146: Single Door | C146: Door | D146: 36 | E146: 80 | F146: 17 | G146: 12 | H146: Y
A147: DOUBLE_DOOR | B147: Double Door | C147: Door | D147: 60 | E147: 80 | F147: 24 | G147: 18 | H147: Y
A148: SINGLE_WINDOW | B148: Single Window | C148: Window | D148: 36 | E148: 48 | F148: 14 | G148: 10 | H148: Y
A149: DOUBLE_WINDOW | B149: Double Window | C149: Window | D149: 72 | E149: 48 | F149: 22 | G149: 16 | H149: Y
A150: SLIDER | B150: Slider | C150: Door | D150: 72 | E150: 80 | F150: 0 | G150: 20 | H150: Y
A153: CAT_DoorTypes
A154: DoorTypeID | B154: DisplayName | C154: PrepMins_perSide | D154: PaintMinsPerCoat_perSide | E154: PrimerMins_perSide | F154: Active?
A155: HOLLOW_CORE | B155: Hollow Core | C155: 6 | D155: 8 | E155: 6 | F155: Y
A156: SIX_PANEL | B156: 6 Panel | C156: 10 | D156: 14 | E156: 10 | F156: Y
A157: SOLID_CORE | B157: Solid Core | C157: 12 | D157: 16 | E157: 12 | F157: Y
A158: FRENCH | B158: French | C158: 20 | D158: 24 | E158: 20 | F158: Y
A161: CAT_CeilingTypes
A162: CeilingTypeID | B162: DisplayName | C162: LaborMult | D162: Surcharge_per_sqft | E162: Notes | F162: Active?
A163: FLAT | B163: Flat | C163: 1 | D163: 0 | E163: Standard flat ceiling | F163: Y
A164: VAULT | B164: Vaulted | C164: 1.25 | D164: 0 | E164: Extra cutting/rolling difficulty | F164: Y
A165: TRAY | B165: Tray | C165: 1.3 | D165: 0 | E165: Tray ceiling | F165: Y
A166: COFF | B166: Coffered | C166: 1.45 | D166: 0 | E166: Coffered ceiling | F166: Y
A169: CAT_RollerCovers
A170: RollerCoverID | B170: Scope | C170: Size_in | D170: Price_each | E170: Notes | F170: Active?
A171: WALL_9 | B171: Wall | C171: 9 | D171: 6 | E171: 9" wall cover | F171: Y
...

Sheet INPUT_JobSettings
A1: INPUT_JOBSETTINGS (per job paint selections + overrides)
A3: App-first: JobID is hidden; app writes it. Manual: unhide column A to edit.
A5: JobID | B5: WallsPaint_ID | C5: CeilingPaint_ID | D5: TrimPaint_ID | E5: Primer_ID | F5: Override_LaborRate | G5: Override_Markup | H5: RoundingIncrementHours | I5: DayHours | J5: Notes | K5: WallsPaint_Name (calc) | L5: CeilingPaint_Name (calc) | M5: TrimPaint_Name (calc) | N5: Primer_Name (calc) | O5: WallsPaint_gal_override | P5: CeilingPaint_gal_override | Q5: Primer_gal_override | R5: ExtraSupplies_Walls$ | S5: ExtraSupplies_Ceilings$ | T5: ExtraSupplies_Trim$
K6: =IF(B6="","", XLOOKUP(B6, Constants!$A$123:$A$2000, Constants!$B$123:$B$2000, "")) | L6: =IF(C6="","", XLOOKUP(C6, Constants!$A$123:$A$2000, Constants!$B$123:$B$2000, "")) | M6: =IF(D6="","", XLOOKUP(D6, Constants!$A$123:$A$2000, Constants!$B$123:$B$2000, "")) | N6: =IF(E6="","", XLOOKUP(E6, Constants!$A$123:$A$2000, Constants!$B$123:$B$2000, ""))
K7: =IF(B7="","", XLOOKUP(B7, Constants!$A$123:$A$2000, Constants!$B$123:$B$2000, "")) | L7: =IF(C7="","", XLOOKUP(C7, Constants!$A$123:$A$2000, Constants!$B$123:$B$2000, "")) | M7: =IF(D7="","", XLOOKUP(D7, Constants!$A$123:$A$2000, Constants!$B$123:$B$2000, "")) | N7: =IF(E7="","", XLOOKUP(E7, Constants!$A$123:$A$2000, Constants!$B$123:$B$2000, ""))
K8: =IF(B8="","", XLOOKUP(B8, Constants!$A$123:$A$2000, Constants!$B$123:$B$2000, "")) | L8: =IF(C8="","", XLOOKUP(C8, Constants!$A$123:$A$2000, Constants!$B$123:$B$2000, "")) | M8: =IF(D8="","", XLOOKUP(D8, Constants!$A$123:$A$2000, Constants!$B$123:$B$2000, "")) | N8: =IF(E8="","", XLOOKUP(E8, Constants!$A$123:$A$2000, Constants!$B$123:$B$2000, ""))
K9: =IF(B9="","", XLOOKUP(B9, Constants!$A$123:$A$2000, Constants!$B$123:$B$2000, "")) | L9: =IF(C9="","", XLOOKUP(C9, Constants!$A$123:$A$2000, Constants!$B$123:$B$2000, "")) | M9: =IF(D9="","", XLOOKUP(D9, Constants!$A$123:$A$2000, Constants!$B$123:$B$2000, "")) | N9: =IF(E9="","", XLOOKUP(E9, Constants!$A$123:$A$2000, Constants!$B$123:$B$2000, ""))
K10: =IF(B10="","", XLOOKUP(B10, Constants!$A$123:$A$2000, Constants!$B$123:$B$2000, "")) | L10: =IF(C10="","", XLOOKUP(C10, Constants!$A$123:$A$2000, Constants!$B$123:$B$2000, "")) | M10: =IF(D10="","", XLOOKUP(D10, Constants!$A$123:$A$2000, Constants!$B$123:$B$2000, "")) | N10: =IF(E10="","", XLOOKUP(E10, Constants!$A$123:$A$2000, Constants!$B$123:$B$2000, ""))
K11: =IF(B11="","", XLOOKUP(B11, Constants!$A$123:$A$2000, Constants!$B$123:$B$2000, "")) | L11: =IF(C11="","", XLOOKUP(C11, Constants!$A$123:$A$2000, Constants!$B$123:$B$2000, "")) | M11: =IF(D11="","", XLOOKUP(D11, Constants!$A$123:$A$2000, Constants!$B$123:$B$2000, "")) | N11: =IF(E11="","", XLOOKUP(E11, Constants!$A$123:$A$2000, Constants!$B$123:$B$2000, ""))
K12: =IF(B12="","", XLOOKUP(B12, Constants!$A$123:$A$2000, Constants!$B$123:$B$2000, "")) | L12: =IF(C12="","", XLOOKUP(C12, Constants!$A$123:$A$2000, Constants!$B$123:$B$2000, "")) | M12: =IF(D12="","", XLOOKUP(D12, Constants!$A$123:$A$2000, Constants!$B$123:$B$2000, "")) | N12: =IF(E12="","", XLOOKUP(E12, Constants!$A$123:$A$2000, Constants!$B$123:$B$2000, ""))
K13: =IF(B13="","", XLOOKUP(B13, Constants!$A$123:$A$2000, Constants!$B$123:$B$2000, "")) | L13: =IF(C13="","", XLOOKUP(C13, Constants!$A$123:$A$2000, Constants!$B$123:$B$2000, "")) | M13: =IF(D13="","", XLOOKUP(D13, Constants!$A$123:$A$2000, Constants!$B$123:$B$2000, "")) | N13: =IF(E13="","", XLOOKUP(E13, Constants!$A$123:$A$2000, Constants!$B$123:$B$2000, ""))
K14: =IF(B14="","", XLOOKUP(B14, Constants!$A$123:$A$2000, Constants!$B$123:$B$2000, "")) | L14: =IF(C14="","", XLOOKUP(C14, Constants!$A$123:$A$2000, Constants!$B$123:$B$2000, "")) | M14: =IF(D14="","", XLOOKUP(D14, Constants!$A$123:$A$2000, Constants!$B$123:$B$2000, "")) | N14: =IF(E14="","", XLOOKUP(E14, Constants!$A$123:$A$2000, Constants!$B$123:$B$2000, ""))
K15: =IF(B15="","", XLOOKUP(B15, Constants!$A$123:$A$2000, Constants!$B$123:$B$2000, "")) | L15: =IF(C15="","", XLOOKUP(C15, Constants!$A$123:$A$2000, Constants!$B$123:$B$2000, "")) | M15: =IF(D15="","", XLOOKUP(D15, Constants!$A$123:$A$2000, Constants!$B$123:$B$2000, "")) | N15: =IF(E15="","", XLOOKUP(E15, Constants!$A$123:$A$2000, Constants!$B$123:$B$2000, ""))
K16: =IF(B16="","", XLOOKUP(B16, Constants!$A$123:$A$2000, Constants!$B$123:$B$2000, "")) | L16: =IF(C16="","", XLOOKUP(C16, Constants!$A$123:$A$2000, Constants!$B$123:$B$2000, "")) | M16: =IF(D16="","", XLOOKUP(D16, Constants!$A$123:$A$2000, Constants!$B$123:$B$2000, "")) | N16: =IF(E16="","", XLOOKUP(E16, Constants!$A$123:$A$2000, Constants!$B$123:$B$2000, ""))
K17: =IF(B17="","", XLOOKUP(B17, Constants!$A$123:$A$2000, Constants!$B$123:$B$2000, "")) | L17: =IF(C17="","", XLOOKUP(C17, Constants!$A$123:$A$2000, Constants!$B$123:$B$2000, "")) | M17: =IF(D17="","", XLOOKUP(D17, Constants!$A$123:$A$2000, Constants!$B$123:$B$2000, "")) | N17: =IF(E17="","", XLOOKUP(E17, Constants!$A$123:$A$2000, Constants!$B$123:$B$2000, ""))
... K55: =IF(B55="","", XLOOKUP(B55, Constants!$A$123:$A$2000, Constants!$B$123:$B$2000, "")) | L55: =IF(C55="","", XLOOKUP(C55, Constants!$A$123:$A$2000, Constants!$B$123:$B$2000, "")) | M55: =IF(D55="","", XLOOKUP(D55, Constants!$A$123:$A$2000, Constants!$B$123:$B$2000, "")) | N55: =IF(E55="","", XLOOKUP(E55, Constants!$A$123:$A$2000, Constants!$B$123:$B$2000, ""))

Sheet INPUT_Rooms
A1: INPUT_ROOMS (Manual or App) — 1 row per room
B2: App-first mode: JobID column (A) is hidden; the app will fill JobID automatically.
A3: JobID | B3: RoomID | C3: Room Name | D3: Mode (RECT/SEG) | E3: Length_in (RECT) | F3: Width_in (RECT) | G3: WallHeight_in | H3: CeilingHeight_in | I3: CeilingSqft_override (SEG optional) | J3: BaseExclude_in (RECT) | K3: Walls Include | L3: Walls Primer | M3: Walls Topcoats | N3: Walls Prep Override | O3: Ceiling Include | P3: Ceiling Primer | Q3: Ceiling Topcoats | R3: Ceiling Prep Override | S3: Ceiling Height Surcharge $ | T3: Trim Include | U3: Trim Primer | V3: Trim Topcoats | W3: Trim Prep Override | X3: Paint Base? | Y3: Paint Crown? | Z3: Paint Window Casing? | AA3: Paint Door Casing? | AB3: Paint Doors? | AC3: Perimeter_in (calc) | AD3: WallSqft (calc) | AE3: CeilingSqft (calc) | AF3: Base_LF (calc) | AG3: Crown_LF (calc) | AH3: WallColorID (A/B/C...) | AI3: CeilingTypeID
H4: =IF($B4="","",$G4) | AC4: =IF(B4="","",IF(D4="RECT",IF(OR(E4="",F4=""),"",2*(E4+F4)),SUMIFS(INPUT_Segments!$D:$D,INPUT_Segments!$A:$A,A4,INPUT_Segments!$B:$B,B4))) | AD4: =IF(AC4="","", (AC4*G4)/144) | AE4: =IF(B4="","",IF(D4="RECT",IF(OR(E4="",F4=""),"",(E4*F4)/144),IF(I4="", "", I4))) | AF4: =IF(AC4="","",MAX(0,AC4 - SUMPRODUCT((INPUT_Openings!$A:$A=A4)*(INPUT_Openings!$B:$B=B4)*(XLOOKUP(INPUT_Openings!$C:$C,Constants!$A$30:$A$200,Constants!$C$30:$C$200,"",0))*(INPUT_Openings!$D:$D)*(XLOOKUP(INPUT_Openings!$C:$C,Constants!$A$30:$A$200,Constants!$B$30:$B$200,"",0)="Door")) - IF(D4="RECT",IF(J4="",0,J4),SUMIFS(INPUT_Segments!$E:$E,INPUT_Segments!$A:$A,A4,INPUT_Segments!$B:$B,B4)))/12) | AG4: =IF(AC4="","",AC4/12)
H5: =IF($B5="","",$G5) | AC5: =IF(B5="","",IF(D5="RECT",IF(OR(E5="",F5=""),"",2*(E5+F5)),SUMIFS(INPUT_Segments!$D:$D,INPUT_Segments!$A:$A,A5,INPUT_Segments!$B:$B,B5))) | AD5: =IF(AC5="","", (AC5*G5)/144) | AE5: =IF(B5="","",IF(D5="RECT",IF(OR(E5="",F5=""),"",(E5*F5)/144),IF(I5="", "", I5))) | AF5: =IF(AC5="","",MAX(0,AC5 - SUMPRODUCT((INPUT_Openings!$A:$A=A5)*(INPUT_Openings!$B:$B=B5)*(XLOOKUP(INPUT_Openings!$C:$C,Constants!$A$30:$A$200,Constants!$C$30:$C$200,"",0))*(INPUT_Openings!$D:$D)*(XLOOKUP(INPUT_Openings!$C:$C,Constants!$A$30:$A$200,Constants!$B$30:$B$200,"",0)="Door")) - IF(D5="RECT",IF(J5="",0,J5),SUMIFS(INPUT_Segments!$E:$E,INPUT_Segments!$A:$A,A5,INPUT_Segments!$B:$B,B5)))/12) | AG5: =IF(AC5="","",AC5/12)
H6: =IF($B6="","",$G6) | AC6: =IF(B6="","",IF(D6="RECT",IF(OR(E6="",F6=""),"",2*(E6+F6)),SUMIFS(INPUT_Segments!$D:$D,INPUT_Segments!$A:$A,A6,INPUT_Segments!$B:$B,B6))) | AD6: =IF(AC6="","", (AC6*G6)/144) | AE6: =IF(B6="","",IF(D6="RECT",IF(OR(E6="",F6=""),"",(E6*F6)/144),IF(I6="", "", I6))) | AF6: =IF(AC6="","",MAX(0,AC6 - SUMPRODUCT((INPUT_Openings!$A:$A=A6)*(INPUT_Openings!$B:$B=B6)*(XLOOKUP(INPUT_Openings!$C:$C,Constants!$A$30:$A$200,Constants!$C$30:$C$200,"",0))*(INPUT_Openings!$D:$D)*(XLOOKUP(INPUT_Openings!$C:$C,Constants!$A$30:$A$200,Constants!$B$30:$B$200,"",0)="Door")) - IF(D6="RECT",IF(J6="",0,J6),SUMIFS(INPUT_Segments!$E:$E,INPUT_Segments!$A:$A,A6,INPUT_Segments!$B:$B,B6)))/12) | AG6: =IF(AC6="","",AC6/12)
H7: =IF($B7="","",$G7) | AC7: =IF(B7="","",IF(D7="RECT",IF(OR(E7="",F7=""),"",2*(E7+F7)),SUMIFS(INPUT_Segments!$D:$D,INPUT_Segments!$A:$A,A7,INPUT_Segments!$B:$B,B7))) | AD7: =IF(AC7="","", (AC7*G7)/144) | AE7: =IF(B7="","",IF(D7="RECT",IF(OR(E7="",F7=""),"",(E7*F7)/144),IF(I7="", "", I7))) | AF7: =IF(AC7="","",MAX(0,AC7 - SUMPRODUCT((INPUT_Openings!$A:$A=A7)*(INPUT_Openings!$B:$B=B7)*(XLOOKUP(INPUT_Openings!$C:$C,Constants!$A$30:$A$200,Constants!$C$30:$C$200,"",0))*(INPUT_Openings!$D:$D)*(XLOOKUP(INPUT_Openings!$C:$C,Constants!$A$30:$A$200,Constants!$B$30:$B$200,"",0)="Door")) - IF(D7="RECT",IF(J7="",0,J7),SUMIFS(INPUT_Segments!$E:$E,INPUT_Segments!$A:$A,A7,INPUT_Segments!$B:$B,B7)))/12) | AG7: =IF(AC7="","",AC7/12)
H8: =IF($B8="","",$G8) | AC8: =IF(B8="","",IF(D8="RECT",IF(OR(E8="",F8=""),"",2*(E8+F8)),SUMIFS(INPUT_Segments!$D:$D,INPUT_Segments!$A:$A,A8,INPUT_Segments!$B:$B,B8))) | AD8: =IF(AC8="","", (AC8*G8)/144) | AE8: =IF(B8="","",IF(D8="RECT",IF(OR(E8="",F8=""),"",(E8*F8)/144),IF(I8="", "", I8))) | AF8: =IF(AC8="","",MAX(0,AC8 - SUMPRODUCT((INPUT_Openings!$A:$A=A8)*(INPUT_Openings!$B:$B=B8)*(XLOOKUP(INPUT_Openings!$C:$C,Constants!$A$30:$A$200,Constants!$C$30:$C$200,"",0))*(INPUT_Openings!$D:$D)*(XLOOKUP(INPUT_Openings!$C:$C,Constants!$A$30:$A$200,Constants!$B$30:$B$200,"",0)="Door")) - IF(D8="RECT",IF(J8="",0,J8),SUMIFS(INPUT_Segments!$E:$E,INPUT_Segments!$A:$A,A8,INPUT_Segments!$B:$B,B8)))/12) | AG8: =IF(AC8="","",AC8/12)
H9: =IF($B9="","",$G9) | AC9: =IF(B9="","",IF(D9="RECT",IF(OR(E9="",F9=""),"",2*(E9+F9)),SUMIFS(INPUT_Segments!$D:$D,INPUT_Segments!$A:$A,A9,INPUT_Segments!$B:$B,B9))) | AD9: =IF(AC9="","", (AC9*G9)/144) | AE9: =IF(B9="","",IF(D9="RECT",IF(OR(E9="",F9=""),"",(E9*F9)/144),IF(I9="", "", I9))) | AF9: =IF(AC9="","",MAX(0,AC9 - SUMPRODUCT((INPUT_Openings!$A:$A=A9)*(INPUT_Openings!$B:$B=B9)*(XLOOKUP(INPUT_Openings!$C:$C,Constants!$A$30:$A$200,Constants!$C$30:$C$200,"",0))*(INPUT_Openings!$D:$D)*(XLOOKUP(INPUT_Openings!$C:$C,Constants!$A$30:$A$200,Constants!$B$30:$B$200,"",0)="Door")) - IF(D9="RECT",IF(J9="",0,J9),SUMIFS(INPUT_Segments!$E:$E,INPUT_Segments!$A:$A,A9,INPUT_Segments!$B:$B,B9)))/12) | AG9: =IF(AC9="","",AC9/12)
H10: =IF($B10="","",$G10) | AC10: =IF(B10="","",IF(D10="RECT",IF(OR(E10="",F10=""),"",2*(E10+F10)),SUMIFS(INPUT_Segments!$D:$D,INPUT_Segments!$A:$A,A10,INPUT_Segments!$B:$B,B10))) | AD10: =IF(AC10="","", (AC10*G10)/144) | AE10: =IF(B10="","",IF(D10="RECT",IF(OR(E10="",F10=""),"",(E10*F10)/144),IF(I10="", "", I10))) | AF10: =IF(AC10="","",MAX(0,AC10 - SUMPRODUCT((INPUT_Openings!$A:$A=A10)*(INPUT_Openings!$B:$B=B10)*(XLOOKUP(INPUT_Openings!$C:$C,Constants!$A$30:$A$200,Constants!$C$30:$C$200,"",0))*(INPUT_Openings!$D:$D)*(XLOOKUP(INPUT_Openings!$C:$C,Constants!$A$30:$A$200,Constants!$B$30:$B$200,"",0)="Door")) - IF(D10="RECT",IF(J10="",0,J10),SUMIFS(INPUT_Segments!$E:$E,INPUT_Segments!$A:$A,A10,INPUT_Segments!$B:$B,B10)))/12) | AG10: =IF(AC10="","",AC10/12)
H11: =IF($B11="","",$G11) | AC11: =IF(B11="","",IF(D11="RECT",IF(OR(E11="",F11=""),"",2*(E11+F11)),SUMIFS(INPUT_Segments!$D:$D,INPUT_Segments!$A:$A,A11,INPUT_Segments!$B:$B,B11))) | AD11: =IF(AC11="","", (AC11*G11)/144) | AE11: =IF(B11="","",IF(D11="RECT",IF(OR(E11="",F11=""),"",(E11*F11)/144),IF(I11="", "", I11))) | AF11: =IF(AC11="","",MAX(0,AC11 - SUMPRODUCT((INPUT_Openings!$A:$A=A11)*(INPUT_Openings!$B:$B=B11)*(XLOOKUP(INPUT_Openings!$C:$C,Constants!$A$30:$A$200,Constants!$C$30:$C$200,"",0))*(INPUT_Openings!$D:$D)*(XLOOKUP(INPUT_Openings!$C:$C,Constants!$A$30:$A$200,Constants!$B$30:$B$200,"",0)="Door")) - IF(D11="RECT",IF(J11="",0,J11),SUMIFS(INPUT_Segments!$E:$E,INPUT_Segments!$A:$A,A11,INPUT_Segments!$B:$B,B11)))/12) | AG11: =IF(AC11="","",AC11/12)
H12: =IF($B12="","",$G12) | AC12: =IF(B12="","",IF(D12="RECT",IF(OR(E12="",F12=""),"",2*(E12+F12)),SUMIFS(INPUT_Segments!$D:$D,INPUT_Segments!$A:$A,A12,INPUT_Segments!$B:$B,B12))) | AD12: =IF(AC12="","", (AC12*G12)/144) | AE12: =IF(B12="","",IF(D12="RECT",IF(OR(E12="",F12=""),"",(E12*F12)/144),IF(I12="", "", I12))) | AF12: =IF(AC12="","",MAX(0,AC12 - SUMPRODUCT((INPUT_Openings!$A:$A=A12)*(INPUT_Openings!$B:$B=B12)*(XLOOKUP(INPUT_Openings!$C:$C,Constants!$A$30:$A$200,Constants!$C$30:$C$200,"",0))*(INPUT_Openings!$D:$D)*(XLOOKUP(INPUT_Openings!$C:$C,Constants!$A$30:$A$200,Constants!$B$30:$B$200,"",0)="Door")) - IF(D12="RECT",IF(J12="",0,J12),SUMIFS(INPUT_Segments!$E:$E,INPUT_Segments!$A:$A,A12,INPUT_Segments!$B:$B,B12)))/12) | AG12: =IF(AC12="","",AC12/12)
H13: =IF($B13="","",$G13) | AC13: =IF(B13="","",IF(D13="RECT",IF(OR(E13="",F13=""),"",2*(E13+F13)),SUMIFS(INPUT_Segments!$D:$D,INPUT_Segments!$A:$A,A13,INPUT_Segments!$B:$B,B13))) | AD13: =IF(AC13="","", (AC13*G13)/144) | AE13: =IF(B13="","",IF(D13="RECT",IF(OR(E13="",F13=""),"",(E13*F13)/144),IF(I13="", "", I13))) | AF13: =IF(AC13="","",MAX(0,AC13 - SUMPRODUCT((INPUT_Openings!$A:$A=A13)*(INPUT_Openings!$B:$B=B13)*(XLOOKUP(INPUT_Openings!$C:$C,Constants!$A$30:$A$200,Constants!$C$30:$C$200,"",0))*(INPUT_Openings!$D:$D)*(XLOOKUP(INPUT_Openings!$C:$C,Constants!$A$30:$A$200,Constants!$B$30:$B$200,"",0)="Door")) - IF(D13="RECT",IF(J13="",0,J13),SUMIFS(INPUT_Segments!$E:$E,INPUT_Segments!$A:$A,A13,INPUT_Segments!$B:$B,B13)))/12) | AG13: =IF(AC13="","",AC13/12)
H14: =IF($B14="","",$G14) | AC14: =IF(B14="","",IF(D14="RECT",IF(OR(E14="",F14=""),"",2*(E14+F14)),SUMIFS(INPUT_Segments!$D:$D,INPUT_Segments!$A:$A,A14,INPUT_Segments!$B:$B,B14))) | AD14: =IF(AC14="","", (AC14*G14)/144) | AE14: =IF(B14="","",IF(D14="RECT",IF(OR(E14="",F14=""),"",(E14*F14)/144),IF(I14="", "", I14))) | AF14: =IF(AC14="","",MAX(0,AC14 - SUMPRODUCT((INPUT_Openings!$A:$A=A14)*(INPUT_Openings!$B:$B=B14)*(XLOOKUP(INPUT_Openings!$C:$C,Constants!$A$30:$A$200,Constants!$C$30:$C$200,"",0))*(INPUT_Openings!$D:$D)*(XLOOKUP(INPUT_Openings!$C:$C,Constants!$A$30:$A$200,Constants!$B$30:$B$200,"",0)="Door")) - IF(D14="RECT",IF(J14="",0,J14),SUMIFS(INPUT_Segments!$E:$E,INPUT_Segments!$A:$A,A14,INPUT_Segments!$B:$B,B14)))/12) | AG14: =IF(AC14="","",AC14/12)
H15: =IF($B15="","",$G15) | AC15: =IF(B15="","",IF(D15="RECT",IF(OR(E15="",F15=""),"",2*(E15+F15)),SUMIFS(INPUT_Segments!$D:$D,INPUT_Segments!$A:$A,A15,INPUT_Segments!$B:$B,B15))) | AD15: =IF(AC15="","", (AC15*G15)/144) | AE15: =IF(B15="","",IF(D15="RECT",IF(OR(E15="",F15=""),"",(E15*F15)/144),IF(I15="", "", I15))) | AF15: =IF(AC15="","",MAX(0,AC15 - SUMPRODUCT((INPUT_Openings!$A:$A=A15)*(INPUT_Openings!$B:$B=B15)*(XLOOKUP(INPUT_Openings!$C:$C,Constants!$A$30:$A$200,Constants!$C$30:$C$200,"",0))*(INPUT_Openings!$D:$D)*(XLOOKUP(INPUT_Openings!$C:$C,Constants!$A$30:$A$200,Constants!$B$30:$B$200,"",0)="Door")) - IF(D15="RECT",IF(J15="",0,J15),SUMIFS(INPUT_Segments!$E:$E,INPUT_Segments!$A:$A,A15,INPUT_Segments!$B:$B,B15)))/12) | AG15: =IF(AC15="","",AC15/12)
... H83: =IF($B83="","",$G83) | AC83: =IF(B83="","",IF(D83="RECT",IF(OR(E83="",F83=""),"",2*(E83+F83)),SUMIFS(INPUT_Segments!$D:$D,INPUT_Segments!$A:$A,A83,INPUT_Segments!$B:$B,B83))) | AD83: =IF(AC83="","", (AC83*G83)/144) | AE83: =IF(B83="","",IF(D83="RECT",IF(OR(E83="",F83=""),"",(E83*F83)/144),IF(I83="", "", I83))) | AF83: =IF(AC83="","",MAX(0,AC83 - SUMPRODUCT((INPUT_Openings!$A:$A=A83)*(INPUT_Openings!$B:$B=B83)*(XLOOKUP(INPUT_Openings!$C:$C,Constants!$A$30:$A$200,Constants!$C$30:$C$200,"",0))*(INPUT_Openings!$D:$D)*(XLOOKUP(INPUT_Openings!$C:$C,Constants!$A$30:$A$200,Constants!$B$30:$B$200,"",0)="Door")) - IF(D83="RECT",IF(J83="",0,J83),SUMIFS(INPUT_Segments!$E:$E,INPUT_Segments!$A:$A,A83,INPUT_Segments!$B:$B,B83)))/12) | AG83: =IF(AC83="","",AC83/12)

Sheet INPUT_Segments
A1: INPUT_SEGMENTS (only needed for SEG rooms)
B2: App-first mode: JobID column (A) is hidden; the app will fill JobID automatically.
A3: JobID | B3: RoomID | C3: Seg# | D3: SegLen_in | E3: BaseExclude_in | F3: Notes | G3: WallLabel (optional) | H3: WallColorOverrideID (optional) | I3: Active?

Sheet INPUT_TrimLines
A1: INPUT_TRIMLINES (catalog-driven trim; app writes line items per room)
A3: Green = inputs. App writes JobID/RoomID keys. Add rows freely.
A5: JobID | B5: RoomID | C5: TrimItemID | D5: Qty | E5: PrimerMode | F5: Coats | G5: PrepLevelOverride | H5: Notes | I5: Unit (calc) | J5: PrepMins (calc) | K5: PaintMins (calc) | L5: PrimerMins (calc) | M5: TotalMins (calc) | N5: LaborHours (calc) | O5: Labor$ (calc) | P5: Material$ (calc) | Q5: Total$ w/Markup (calc)
I6: =IF(OR(A6="",C6=""),"", XLOOKUP(C6, Constants!$A:$A, Constants!$C:$C, "")) | J6: =IF(OR(A6="",C6=""),"", D6 * (IF(G6="", 1, XLOOKUP(G6, Constants!$E$10:$E$30, Constants!$F$10:$F$30, 1))) * XLOOKUP(C6, Constants!$A:$A, Constants!$D:$D, 0)) | K6: =IF(OR(A6="",C6=""),"", D6 * F6 * XLOOKUP(C6, Constants!$A:$A, Constants!$E:$E, 0)) | L6: =IF(OR(A6="",C6=""),"", IF(E6="None",0, D6 * IF(E6="Full",1,XLOOKUP("PrimerSpotFactor",Constants!$A$20:$A$40,Constants!$B$20:$B$40,0.35)) * XLOOKUP(C6, Constants!$A:$A, Constants!$F:$F, 0))) | M6: =IF(OR(A6="",C6=""),"", J6+K6+L6) | N6: =IF(OR(A6="",C6=""),"", M6/60) | O6: =IF(OR(A6="",C6=""),"", N6*(IF(XLOOKUP('Job Control'!$B$3, INPUT_JobSettings!$A:$A, INPUT_JobSettings!$F:$F, "")<>"", XLOOKUP('Job Control'!$B$3, INPUT_JobSettings!$A:$A, INPUT_JobSettings!$F:$F, ""), Summary!$B$4))) | P6: =IF(OR(A6="",C6=""),"", 0) | Q6: =IF(OR(A6="",C6=""),"", (O6+P6)*(IF(XLOOKUP('Job Control'!$B$3, INPUT_JobSettings!$A:$A, INPUT_JobSettings!$G:$G, "")<>"", XLOOKUP('Job Control'!$B$3, INPUT_JobSettings!$A:$A, INPUT_JobSettings!$G:$G, ""), Summary!$B$5)))
I7: =IF(OR(A7="",C7=""),"", XLOOKUP(C7, Constants!$A:$A, Constants!$C:$C, "")) | J7: =IF(OR(A7="",C7=""),"", D7 * (IF(G7="", 1, XLOOKUP(G7, Constants!$E$10:$E$30, Constants!$F$10:$F$30, 1))) * XLOOKUP(C7, Constants!$A:$A, Constants!$D:$D, 0)) | K7: =IF(OR(A7="",C7=""),"", D7 * F7 * XLOOKUP(C7, Constants!$A:$A, Constants!$E:$E, 0)) | L7: =IF(OR(A7="",C7=""),"", IF(E7="None",0, D7 * IF(E7="Full",1,XLOOKUP("PrimerSpotFactor",Constants!$A$20:$A$40,Constants!$B$20:$B$40,0.35)) * XLOOKUP(C7, Constants!$A:$A, Constants!$F:$F, 0))) | M7: =IF(OR(A7="",C7=""),"", J7+K7+L7) | N7: =IF(OR(A7="",C7=""),"", M7/60) | O7: =IF(OR(A7="",C7=""),"", N7*(IF(XLOOKUP('Job Control'!$B$3, INPUT_JobSettings!$A:$A, INPUT_JobSettings!$F:$F, "")<>"", XLOOKUP('Job Control'!$B$3, INPUT_JobSettings!$A:$A, INPUT_JobSettings!$F:$F, ""), Summary!$B$4))) | P7: =IF(OR(A7="",C7=""),"", 0) | Q7: =IF(OR(A7="",C7=""),"", (O7+P7)*(IF(XLOOKUP('Job Control'!$B$3, INPUT_JobSettings!$A:$A, INPUT_JobSettings!$G:$G, "")<>"", XLOOKUP('Job Control'!$B$3, INPUT_JobSettings!$A:$A, INPUT_JobSettings!$G:$G, ""), Summary!$B$5)))
I8: =IF(OR(A8="",C8=""),"", XLOOKUP(C8, Constants!$A:$A, Constants!$C:$C, "")) | J8: =IF(OR(A8="",C8=""),"", D8 * (IF(G8="", 1, XLOOKUP(G8, Constants!$E$10:$E$30, Constants!$F$10:$F$30, 1))) * XLOOKUP(C8, Constants!$A:$A, Constants!$D:$D, 0)) | K8: =IF(OR(A8="",C8=""),"", D8 * F8 * XLOOKUP(C8, Constants!$A:$A, Constants!$E:$E, 0)) | L8: =IF(OR(A8="",C8=""),"", IF(E8="None",0, D8 * IF(E8="Full",1,XLOOKUP("PrimerSpotFactor",Constants!$A$20:$A$40,Constants!$B$20:$B$40,0.35)) * XLOOKUP(C8, Constants!$A:$A, Constants!$F:$F, 0))) | M8: =IF(OR(A8="",C8=""),"", J8+K8+L8) | N8: =IF(OR(A8="",C8=""),"", M8/60) | O8: =IF(OR(A8="",C8=""),"", N8*(IF(XLOOKUP('Job Control'!$B$3, INPUT_JobSettings!$A:$A, INPUT_JobSettings!$F:$F, "")<>"", XLOOKUP('Job Control'!$B$3, INPUT_JobSettings!$A:$A, INPUT_JobSettings!$F:$F, ""), Summary!$B$4))) | P8: =IF(OR(A8="",C8=""),"", 0) | Q8: =IF(OR(A8="",C8=""),"", (O8+P8)*(IF(XLOOKUP('Job Control'!$B$3, INPUT_JobSettings!$A:$A, INPUT_JobSettings!$G:$G, "")<>"", XLOOKUP('Job Control'!$B$3, INPUT_JobSettings!$A:$A, INPUT_JobSettings!$G:$G, ""), Summary!$B$5)))
I9: =IF(OR(A9="",C9=""),"", XLOOKUP(C9, Constants!$A:$A, Constants!$C:$C, "")) | J9: =IF(OR(A9="",C9=""),"", D9 * (IF(G9="", 1, XLOOKUP(G9, Constants!$E$10:$E$30, Constants!$F$10:$F$30, 1))) * XLOOKUP(C9, Constants!$A:$A, Constants!$D:$D, 0)) | K9: =IF(OR(A9="",C9=""),"", D9 * F9 * XLOOKUP(C9, Constants!$A:$A, Constants!$E:$E, 0)) | L9: =IF(OR(A9="",C9=""),"", IF(E9="None",0, D9 * IF(E9="Full",1,XLOOKUP("PrimerSpotFactor",Constants!$A$20:$A$40,Constants!$B$20:$B$40,0.35)) * XLOOKUP(C9, Constants!$A:$A, Constants!$F:$F, 0))) | M9: =IF(OR(A9="",C9=""),"", J9+K9+L9) | N9: =IF(OR(A9="",C9=""),"", M9/60) | O9: =IF(OR(A9="",C9=""),"", N9*(IF(XLOOKUP('Job Control'!$B$3, INPUT_JobSettings!$A:$A, INPUT_JobSettings!$F:$F, "")<>"", XLOOKUP('Job Control'!$B$3, INPUT_JobSettings!$A:$A, INPUT_JobSettings!$F:$F, ""), Summary!$B$4))) | P9: =IF(OR(A9="",C9=""),"", 0) | Q9: =IF(OR(A9="",C9=""),"", (O9+P9)*(IF(XLOOKUP('Job Control'!$B$3, INPUT_JobSettings!$A:$A, INPUT_JobSettings!$G:$G, "")<>"", XLOOKUP('Job Control'!$B$3, INPUT_JobSettings!$A:$A, INPUT_JobSettings!$G:$G, ""), Summary!$B$5)))
I10: =IF(OR(A10="",C10=""),"", XLOOKUP(C10, Constants!$A:$A, Constants!$C:$C, "")) | J10: =IF(OR(A10="",C10=""),"", D10 * (IF(G10="", 1, XLOOKUP(G10, Constants!$E$10:$E$30, Constants!$F$10:$F$30, 1))) * XLOOKUP(C10, Constants!$A:$A, Constants!$D:$D, 0)) | K10: =IF(OR(A10="",C10=""),"", D10 * F10 * XLOOKUP(C10, Constants!$A:$A, Constants!$E:$E, 0)) | L10: =IF(OR(A10="",C10=""),"", IF(E10="None",0, D10 * IF(E10="Full",1,XLOOKUP("PrimerSpotFactor",Constants!$A$20:$A$40,Constants!$B$20:$B$40,0.35)) * XLOOKUP(C10, Constants!$A:$A, Constants!$F:$F, 0))) | M10: =IF(OR(A10="",C10=""),"", J10+K10+L10) | N10: =IF(OR(A10="",C10=""),"", M10/60) | O10: =IF(OR(A10="",C10=""),"", N10*(IF(XLOOKUP('Job Control'!$B$3, INPUT_JobSettings!$A:$A, INPUT_JobSettings!$F:$F, "")<>"", XLOOKUP('Job Control'!$B$3, INPUT_JobSettings!$A:$A, INPUT_JobSettings!$F:$F, ""), Summary!$B$4))) | P10: =IF(OR(A10="",C10=""),"", 0) | Q10: =IF(OR(A10="",C10=""),"", (O10+P10)*(IF(XLOOKUP('Job Control'!$B$3, INPUT_JobSettings!$A:$A, INPUT_JobSettings!$G:$G, "")<>"", XLOOKUP('Job Control'!$B$3, INPUT_JobSettings!$A:$A, INPUT_JobSettings!$G:$G, ""), Summary!$B$5)))
I11: =IF(OR(A11="",C11=""),"", XLOOKUP(C11, Constants!$A:$A, Constants!$C:$C, "")) | J11: =IF(OR(A11="",C11=""),"", D11 * (IF(G11="", 1, XLOOKUP(G11, Constants!$E$10:$E$30, Constants!$F$10:$F$30, 1))) * XLOOKUP(C11, Constants!$A:$A, Constants!$D:$D, 0)) | K11: =IF(OR(A11="",C11=""),"", D11 * F11 * XLOOKUP(C11, Constants!$A:$A, Constants!$E:$E, 0)) | L11: =IF(OR(A11="",C11=""),"", IF(E11="None",0, D11 * IF(E11="Full",1,XLOOKUP("PrimerSpotFactor",Constants!$A$20:$A$40,Constants!$B$20:$B$40,0.35)) * XLOOKUP(C11, Constants!$A:$A, Constants!$F:$F, 0))) | M11: =IF(OR(A11="",C11=""),"", J11+K11+L11) | N11: =IF(OR(A11="",C11=""),"", M11/60) | O11: =IF(OR(A11="",C11=""),"", N11*(IF(XLOOKUP('Job Control'!$B$3, INPUT_JobSettings!$A:$A, INPUT_JobSettings!$F:$F, "")<>"", XLOOKUP('Job Control'!$B$3, INPUT_JobSettings!$A:$A, INPUT_JobSettings!$F:$F, ""), Summary!$B$4))) | P11: =IF(OR(A11="",C11=""),"", 0) | Q11: =IF(OR(A11="",C11=""),"", (O11+P11)*(IF(XLOOKUP('Job Control'!$B$3, INPUT_JobSettings!$A:$A, INPUT_JobSettings!$G:$G, "")<>"", XLOOKUP('Job Control'!$B$3, INPUT_JobSettings!$A:$A, INPUT_JobSettings!$G:$G, ""), Summary!$B$5)))
I12: =IF(OR(A12="",C12=""),"", XLOOKUP(C12, Constants!$A:$A, Constants!$C:$C, "")) | J12: =IF(OR(A12="",C12=""),"", D12 * (IF(G12="", 1, XLOOKUP(G12, Constants!$E$10:$E$30, Constants!$F$10:$F$30, 1))) * XLOOKUP(C12, Constants!$A:$A, Constants!$D:$D, 0)) | K12: =IF(OR(A12="",C12=""),"", D12 * F12 * XLOOKUP(C12, Constants!$A:$A, Constants!$E:$E, 0)) | L12: =IF(OR(A12="",C12=""),"", IF(E12="None",0, D12 * IF(E12="Full",1,XLOOKUP("PrimerSpotFactor",Constants!$A$20:$A$40,Constants!$B$20:$B$40,0.35)) * XLOOKUP(C12, Constants!$A:$A, Constants!$F:$F, 0))) | M12: =IF(OR(A12="",C12=""),"", J12+K12+L12) | N12: =IF(OR(A12="",C12=""),"", M12/60) | O12: =IF(OR(A12="",C12=""),"", N12*(IF(XLOOKUP('Job Control'!$B$3, INPUT_JobSettings!$A:$A, INPUT_JobSettings!$F:$F, "")<>"", XLOOKUP('Job Control'!$B$3, INPUT_JobSettings!$A:$A, INPUT_JobSettings!$F:$F, ""), Summary!$B$4))) | P12: =IF(OR(A12="",C12=""),"", 0) | Q12: =IF(OR(A12="",C12=""),"", (O12+P12)*(IF(XLOOKUP('Job Control'!$B$3, INPUT_JobSettings!$A:$A, INPUT_JobSettings!$G:$G, "")<>"", XLOOKUP('Job Control'!$B$3, INPUT_JobSettings!$A:$A, INPUT_JobSettings!$G:$G, ""), Summary!$B$5)))
I13: =IF(OR(A13="",C13=""),"", XLOOKUP(C13, Constants!$A:$A, Constants!$C:$C, "")) | J13: =IF(OR(A13="",C13=""),"", D13 * (IF(G13="", 1, XLOOKUP(G13, Constants!$E$10:$E$30, Constants!$F$10:$F$30, 1))) * XLOOKUP(C13, Constants!$A:$A, Constants!$D:$D, 0)) | K13: =IF(OR(A13="",C13=""),"", D13 * F13 * XLOOKUP(C13, Constants!$A:$A, Constants!$E:$E, 0)) | L13: =IF(OR(A13="",C13=""),"", IF(E13="None",0, D13 * IF(E13="Full",1,XLOOKUP("PrimerSpotFactor",Constants!$A$20:$A$40,Constants!$B$20:$B$40,0.35)) * XLOOKUP(C13, Constants!$A:$A, Constants!$F:$F, 0))) | M13: =IF(OR(A13="",C13=""),"", J13+K13+L13) | N13: =IF(OR(A13="",C13=""),"", M13/60) | O13: =IF(OR(A13="",C13=""),"", N13*(IF(XLOOKUP('Job Control'!$B$3, INPUT_JobSettings!$A:$A, INPUT_JobSettings!$F:$F, "")<>"", XLOOKUP('Job Control'!$B$3, INPUT_JobSettings!$A:$A, INPUT_JobSettings!$F:$F, ""), Summary!$B$4))) | P13: =IF(OR(A13="",C13=""),"", 0) | Q13: =IF(OR(A13="",C13=""),"", (O13+P13)*(IF(XLOOKUP('Job Control'!$B$3, INPUT_JobSettings!$A:$A, INPUT_JobSettings!$G:$G, "")<>"", XLOOKUP('Job Control'!$B$3, INPUT_JobSettings!$A:$A, INPUT_JobSettings!$G:$G, ""), Summary!$B$5)))
I14: =IF(OR(A14="",C14=""),"", XLOOKUP(C14, Constants!$A:$A, Constants!$C:$C, "")) | J14: =IF(OR(A14="",C14=""),"", D14 * (IF(G14="", 1, XLOOKUP(G14, Constants!$E$10:$E$30, Constants!$F$10:$F$30, 1))) * XLOOKUP(C14, Constants!$A:$A, Constants!$D:$D, 0)) | K14: =IF(OR(A14="",C14=""),"", D14 * F14 * XLOOKUP(C14, Constants!$A:$A, Constants!$E:$E, 0)) | L14: =IF(OR(A14="",C14=""),"", IF(E14="None",0, D14 * IF(E14="Full",1,XLOOKUP("PrimerSpotFactor",Constants!$A$20:$A$40,Constants!$B$20:$B$40,0.35)) * XLOOKUP(C14, Constants!$A:$A, Constants!$F:$F, 0))) | M14: =IF(OR(A14="",C14=""),"", J14+K14+L14) | N14: =IF(OR(A14="",C14=""),"", M14/60) | O14: =IF(OR(A14="",C14=""),"", N14*(IF(XLOOKUP('Job Control'!$B$3, INPUT_JobSettings!$A:$A, INPUT_JobSettings!$F:$F, "")<>"", XLOOKUP('Job Control'!$B$3, INPUT_JobSettings!$A:$A, INPUT_JobSettings!$F:$F, ""), Summary!$B$4))) | P14: =IF(OR(A14="",C14=""),"", 0) | Q14: =IF(OR(A14="",C14=""),"", (O14+P14)*(IF(XLOOKUP('Job Control'!$B$3, INPUT_JobSettings!$A:$A, INPUT_JobSettings!$G:$G, "")<>"", XLOOKUP('Job Control'!$B$3, INPUT_JobSettings!$A:$A, INPUT_JobSettings!$G:$G, ""), Summary!$B$5)))
I15: =IF(OR(A15="",C15=""),"", XLOOKUP(C15, Constants!$A:$A, Constants!$C:$C, "")) | J15: =IF(OR(A15="",C15=""),"", D15 * (IF(G15="", 1, XLOOKUP(G15, Constants!$E$10:$E$30, Constants!$F$10:$F$30, 1))) * XLOOKUP(C15, Constants!$A:$A, Constants!$D:$D, 0)) | K15: =IF(OR(A15="",C15=""),"", D15 * F15 * XLOOKUP(C15, Constants!$A:$A, Constants!$E:$E, 0)) | L15: =IF(OR(A15="",C15=""),"", IF(E15="None",0, D15 * IF(E15="Full",1,XLOOKUP("PrimerSpotFactor",Constants!$A$20:$A$40,Constants!$B$20:$B$40,0.35)) * XLOOKUP(C15, Constants!$A:$A, Constants!$F:$F, 0))) | M15: =IF(OR(A15="",C15=""),"", J15+K15+L15) | N15: =IF(OR(A15="",C15=""),"", M15/60) | O15: =IF(OR(A15="",C15=""),"", N15*(IF(XLOOKUP('Job Control'!$B$3, INPUT_JobSettings!$A:$A, INPUT_JobSettings!$F:$F, "")<>"", XLOOKUP('Job Control'!$B$3, INPUT_JobSettings!$A:$A, INPUT_JobSettings!$F:$F, ""), Summary!$B$4))) | P15: =IF(OR(A15="",C15=""),"", 0) | Q15: =IF(OR(A15="",C15=""),"", (O15+P15)*(IF(XLOOKUP('Job Control'!$B$3, INPUT_JobSettings!$A:$A, INPUT_JobSettings!$G:$G, "")<>"", XLOOKUP('Job Control'!$B$3, INPUT_JobSettings!$A:$A, INPUT_JobSettings!$G:$G, ""), Summary!$B$5)))
I16: =IF(OR(A16="",C16=""),"", XLOOKUP(C16, Constants!$A:$A, Constants!$C:$C, "")) | J16: =IF(OR(A16="",C16=""),"", D16 * (IF(G16="", 1, XLOOKUP(G16, Constants!$E$10:$E$30, Constants!$F$10:$F$30, 1))) * XLOOKUP(C16, Constants!$A:$A, Constants!$D:$D, 0)) | K16: =IF(OR(A16="",C16=""),"", D16 * F16 * XLOOKUP(C16, Constants!$A:$A, Constants!$E:$E, 0)) | L16: =IF(OR(A16="",C16=""),"", IF(E16="None",0, D16 * IF(E16="Full",1,XLOOKUP("PrimerSpotFactor",Constants!$A$20:$A$40,Constants!$B$20:$B$40,0.35)) * XLOOKUP(C16, Constants!$A:$A, Constants!$F:$F, 0))) | M16: =IF(OR(A16="",C16=""),"", J16+K16+L16) | N16: =IF(OR(A16="",C16=""),"", M16/60) | O16: =IF(OR(A16="",C16=""),"", N16*(IF(XLOOKUP('Job Control'!$B$3, INPUT_JobSettings!$A:$A, INPUT_JobSettings!$F:$F, "")<>"", XLOOKUP('Job Control'!$B$3, INPUT_JobSettings!$A:$A, INPUT_JobSettings!$F:$F, ""), Summary!$B$4))) | P16: =IF(OR(A16="",C16=""),"", 0) | Q16: =IF(OR(A16="",C16=""),"", (O16+P16)*(IF(XLOOKUP('Job Control'!$B$3, INPUT_JobSettings!$A:$A, INPUT_JobSettings!$G:$G, "")<>"", XLOOKUP('Job Control'!$B$3, INPUT_JobSettings!$A:$A, INPUT_JobSettings!$G:$G, ""), Summary!$B$5)))
I17: =IF(OR(A17="",C17=""),"", XLOOKUP(C17, Constants!$A:$A, Constants!$C:$C, "")) | J17: =IF(OR(A17="",C17=""),"", D17 * (IF(G17="", 1, XLOOKUP(G17, Constants!$E$10:$E$30, Constants!$F$10:$F$30, 1))) * XLOOKUP(C17, Constants!$A:$A, Constants!$D:$D, 0)) | K17: =IF(OR(A17="",C17=""),"", D17 * F17 * XLOOKUP(C17, Constants!$A:$A, Constants!$E:$E, 0)) | L17: =IF(OR(A17="",C17=""),"", IF(E17="None",0, D17 * IF(E17="Full",1,XLOOKUP("PrimerSpotFactor",Constants!$A$20:$A$40,Constants!$B$20:$B$40,0.35)) * XLOOKUP(C17, Constants!$A:$A, Constants!$F:$F, 0))) | M17: =IF(OR(A17="",C17=""),"", J17+K17+L17) | N17: =IF(OR(A17="",C17=""),"", M17/60) | O17: =IF(OR(A17="",C17=""),"", N17*(IF(XLOOKUP('Job Control'!$B$3, INPUT_JobSettings!$A:$A, INPUT_JobSettings!$F:$F, "")<>"", XLOOKUP('Job Control'!$B$3, INPUT_JobSettings!$A:$A, INPUT_JobSettings!$F:$F, ""), Summary!$B$4))) | P17: =IF(OR(A17="",C17=""),"", 0) | Q17: =IF(OR(A17="",C17=""),"", (O17+P17)*(IF(XLOOKUP('Job Control'!$B$3, INPUT_JobSettings!$A:$A, INPUT_JobSettings!$G:$G, "")<>"", XLOOKUP('Job Control'!$B$3, INPUT_JobSettings!$A:$A, INPUT_JobSettings!$G:$G, ""), Summary!$B$5)))
... I305: =IF(OR(A305="",C305=""),"", XLOOKUP(C305, Constants!$A:$A, Constants!$C:$C, "")) | J305: =IF(OR(A305="",C305=""),"", D305 * (IF(G305="", 1, XLOOKUP(G305, Constants!$E$10:$E$30, Constants!$F$10:$F$30, 1))) * XLOOKUP(C305, Constants!$A:$A, Constants!$D:$D, 0)) | K305: =IF(OR(A305="",C305=""),"", D305 * F305 * XLOOKUP(C305, Constants!$A:$A, Constants!$E:$E, 0)) | L305: =IF(OR(A305="",C305=""),"", IF(E305="None",0, D305 * IF(E305="Full",1,XLOOKUP("PrimerSpotFactor",Constants!$A$20:$A$40,Constants!$B$20:$B$40,0.35)) * XLOOKUP(C305, Constants!$A:$A, Constants!$F:$F, 0))) | M305: =IF(OR(A305="",C305=""),"", J305+K305+L305) | N305: =IF(OR(A305="",C305=""),"", M305/60) | O305: =IF(OR(A305="",C305=""),"", N305*(IF(XLOOKUP('Job Control'!$B$3, INPUT_JobSettings!$A:$A, INPUT_JobSettings!$F:$F, "")<>"", XLOOKUP('Job Control'!$B$3, INPUT_JobSettings!$A:$A, INPUT_JobSettings!$F:$F, ""), Summary!$B$4))) | P305: =IF(OR(A305="",C305=""),"", 0) | Q305: =IF(OR(A305="",C305=""),"", (O305+P305)*(IF(XLOOKUP('Job Control'!$B$3, INPUT_JobSettings!$A:$A, INPUT_JobSettings!$G:$G, "")<>"", XLOOKUP('Job Control'!$B$3, INPUT_JobSettings!$A:$A, INPUT_JobSettings!$G:$G, ""), Summary!$B$5)))

Sheet INPUT_Openings
A1: INPUT_OPENINGS (counts drive cut-in mins + casing LF)
B2: App-first mode: JobID column (A) is hidden; the app will fill JobID automatically.
A3: JobID | B3: RoomID | C3: OpeningType | D3: Qty | E3: Category (calc) | F3: CutInMins_each (calc)
E4: =IF(C4="","",XLOOKUP(C4,Constants!$A$30:$A$200,Constants!$B$30:$B$200,"",0)) | F4: =IF(C4="","",XLOOKUP(C4,Constants!$A$30:$A$200,Constants!$F$30:$F$200,"",0))
E5: =IF(C5="","",XLOOKUP(C5,Constants!$A$30:$A$200,Constants!$B$30:$B$200,"",0)) | F5: =IF(C5="","",XLOOKUP(C5,Constants!$A$30:$A$200,Constants!$F$30:$F$200,"",0))
E6: =IF(C6="","",XLOOKUP(C6,Constants!$A$30:$A$200,Constants!$B$30:$B$200,"",0)) | F6: =IF(C6="","",XLOOKUP(C6,Constants!$A$30:$A$200,Constants!$F$30:$F$200,"",0))
E7: =IF(C7="","",XLOOKUP(C7,Constants!$A$30:$A$200,Constants!$B$30:$B$200,"",0)) | F7: =IF(C7="","",XLOOKUP(C7,Constants!$A$30:$A$200,Constants!$F$30:$F$200,"",0))
E8: =IF(C8="","",XLOOKUP(C8,Constants!$A$30:$A$200,Constants!$B$30:$B$200,"",0)) | F8: =IF(C8="","",XLOOKUP(C8,Constants!$A$30:$A$200,Constants!$F$30:$F$200,"",0))
E9: =IF(C9="","",XLOOKUP(C9,Constants!$A$30:$A$200,Constants!$B$30:$B$200,"",0)) | F9: =IF(C9="","",XLOOKUP(C9,Constants!$A$30:$A$200,Constants!$F$30:$F$200,"",0))
E10: =IF(C10="","",XLOOKUP(C10,Constants!$A$30:$A$200,Constants!$B$30:$B$200,"",0)) | F10: =IF(C10="","",XLOOKUP(C10,Constants!$A$30:$A$200,Constants!$F$30:$F$200,"",0))
E11: =IF(C11="","",XLOOKUP(C11,Constants!$A$30:$A$200,Constants!$B$30:$B$200,"",0)) | F11: =IF(C11="","",XLOOKUP(C11,Constants!$A$30:$A$200,Constants!$F$30:$F$200,"",0))
E12: =IF(C12="","",XLOOKUP(C12,Constants!$A$30:$A$200,Constants!$B$30:$B$200,"",0)) | F12: =IF(C12="","",XLOOKUP(C12,Constants!$A$30:$A$200,Constants!$F$30:$F$200,"",0))
E13: =IF(C13="","",XLOOKUP(C13,Constants!$A$30:$A$200,Constants!$B$30:$B$200,"",0)) | F13: =IF(C13="","",XLOOKUP(C13,Constants!$A$30:$A$200,Constants!$F$30:$F$200,"",0))
E14: =IF(C14="","",XLOOKUP(C14,Constants!$A$30:$A$200,Constants!$B$30:$B$200,"",0)) | F14: =IF(C14="","",XLOOKUP(C14,Constants!$A$30:$A$200,Constants!$F$30:$F$200,"",0))
E15: =IF(C15="","",XLOOKUP(C15,Constants!$A$30:$A$200,Constants!$B$30:$B$200,"",0)) | F15: =IF(C15="","",XLOOKUP(C15,Constants!$A$30:$A$200,Constants!$F$30:$F$200,"",0))
... E403: =IF(C403="","",XLOOKUP(C403,Constants!$A$30:$A$200,Constants!$B$30:$B$200,"",0)) | F403: =IF(C403="","",XLOOKUP(C403,Constants!$A$30:$A$200,Constants!$F$30:$F$200,"",0))

Sheet INPUT_Doors
A1: INPUT_DOORS (door type + qty + sides multiplier)
B2: App-first mode: JobID column (A) is hidden; the app will fill JobID automatically.
A3: JobID | B3: RoomID | C3: DoorType | D3: Qty | E3: Sides (0.5/1) | F3: PrepMins_side (calc) | G3: PaintMins_coat_side (calc)
F4: =IF(C4="","",XLOOKUP(C4,Constants!$H$30:$H$200,Constants!$I$30:$I$200,"",0)) | G4: =IF(C4="","",XLOOKUP(C4,Constants!$H$30:$H$200,Constants!$J$30:$J$200,"",0))
F5: =IF(C5="","",XLOOKUP(C5,Constants!$H$30:$H$200,Constants!$I$30:$I$200,"",0)) | G5: =IF(C5="","",XLOOKUP(C5,Constants!$H$30:$H$200,Constants!$J$30:$J$200,"",0))
F6: =IF(C6="","",XLOOKUP(C6,Constants!$H$30:$H$200,Constants!$I$30:$I$200,"",0)) | G6: =IF(C6="","",XLOOKUP(C6,Constants!$H$30:$H$200,Constants!$J$30:$J$200,"",0))
F7: =IF(C7="","",XLOOKUP(C7,Constants!$H$30:$H$200,Constants!$I$30:$I$200,"",0)) | G7: =IF(C7="","",XLOOKUP(C7,Constants!$H$30:$H$200,Constants!$J$30:$J$200,"",0))
F8: =IF(C8="","",XLOOKUP(C8,Constants!$H$30:$H$200,Constants!$I$30:$I$200,"",0)) | G8: =IF(C8="","",XLOOKUP(C8,Constants!$H$30:$H$200,Constants!$J$30:$J$200,"",0))
F9: =IF(C9="","",XLOOKUP(C9,Constants!$H$30:$H$200,Constants!$I$30:$I$200,"",0)) | G9: =IF(C9="","",XLOOKUP(C9,Constants!$H$30:$H$200,Constants!$J$30:$J$200,"",0))
F10: =IF(C10="","",XLOOKUP(C10,Constants!$H$30:$H$200,Constants!$I$30:$I$200,"",0)) | G10: =IF(C10="","",XLOOKUP(C10,Constants!$H$30:$H$200,Constants!$J$30:$J$200,"",0))
F11: =IF(C11="","",XLOOKUP(C11,Constants!$H$30:$H$200,Constants!$I$30:$I$200,"",0)) | G11: =IF(C11="","",XLOOKUP(C11,Constants!$H$30:$H$200,Constants!$J$30:$J$200,"",0))
F12: =IF(C12="","",XLOOKUP(C12,Constants!$H$30:$H$200,Constants!$I$30:$I$200,"",0)) | G12: =IF(C12="","",XLOOKUP(C12,Constants!$H$30:$H$200,Constants!$J$30:$J$200,"",0))
F13: =IF(C13="","",XLOOKUP(C13,Constants!$H$30:$H$200,Constants!$I$30:$I$200,"",0)) | G13: =IF(C13="","",XLOOKUP(C13,Constants!$H$30:$H$200,Constants!$J$30:$J$200,"",0))
F14: =IF(C14="","",XLOOKUP(C14,Constants!$H$30:$H$200,Constants!$I$30:$I$200,"",0)) | G14: =IF(C14="","",XLOOKUP(C14,Constants!$H$30:$H$200,Constants!$J$30:$J$200,"",0))
F15: =IF(C15="","",XLOOKUP(C15,Constants!$H$30:$H$200,Constants!$I$30:$I$200,"",0)) | G15: =IF(C15="","",XLOOKUP(C15,Constants!$H$30:$H$200,Constants!$J$30:$J$200,"",0))
... F303: =IF(C303="","",XLOOKUP(C303,Constants!$H$30:$H$200,Constants!$I$30:$I$200,"",0)) | G303: =IF(C303="","",XLOOKUP(C303,Constants!$H$30:$H$200,Constants!$J$30:$J$200,"",0))

Sheet INPUT_PreJobTrips
A1: INPUT_PREJOB_TRIPS (separate from main rounding)
B2: App-first mode: JobID column (A) is hidden; the app will fill JobID automatically.
A3: JobID | B3: Category (Walls/Trim/Ceiling/Other) | C3: Trip Name | D3: Qty | E3: Hours_each | F3: LaborRate | G3: Markup | H3: Total (calc) | I3: Notes | J3: Active?
H4: =D4*E4*F4*G4
F5: =XLOOKUP("LaborRate",Constants!$A$10:$A$60,Constants!$B$10:$B$60) | G5: =XLOOKUP("Markup",Constants!$A$10:$A$60,Constants!$B$10:$B$60) | H5: =IF(OR(D5="",E5=""),"", D5*E5*F5*G5)
F6: =XLOOKUP("LaborRate",Constants!$A$10:$A$60,Constants!$B$10:$B$60) | G6: =XLOOKUP("Markup",Constants!$A$10:$A$60,Constants!$B$10:$B$60) | H6: =IF(OR(D6="",E6=""),"", D6*E6*F6*G6)
F7: =XLOOKUP("LaborRate",Constants!$A$10:$A$60,Constants!$B$10:$B$60) | G7: =XLOOKUP("Markup",Constants!$A$10:$A$60,Constants!$B$10:$B$60) | H7: =IF(OR(D7="",E7=""),"", D7*E7*F7*G7)
F8: =XLOOKUP("LaborRate",Constants!$A$10:$A$60,Constants!$B$10:$B$60) | G8: =XLOOKUP("Markup",Constants!$A$10:$A$60,Constants!$B$10:$B$60) | H8: =IF(OR(D8="",E8=""),"", D8*E8*F8*G8)
F9: =XLOOKUP("LaborRate",Constants!$A$10:$A$60,Constants!$B$10:$B$60) | G9: =XLOOKUP("Markup",Constants!$A$10:$A$60,Constants!$B$10:$B$60) | H9: =IF(OR(D9="",E9=""),"", D9*E9*F9*G9)
F10: =XLOOKUP("LaborRate",Constants!$A$10:$A$60,Constants!$B$10:$B$60) | G10: =XLOOKUP("Markup",Constants!$A$10:$A$60,Constants!$B$10:$B$60) | H10: =IF(OR(D10="",E10=""),"", D10*E10*F10*G10)
F11: =XLOOKUP("LaborRate",Constants!$A$10:$A$60,Constants!$B$10:$B$60) | G11: =XLOOKUP("Markup",Constants!$A$10:$A$60,Constants!$B$10:$B$60) | H11: =IF(OR(D11="",E11=""),"", D11*E11*F11*G11)
F12: =XLOOKUP("LaborRate",Constants!$A$10:$A$60,Constants!$B$10:$B$60) | G12: =XLOOKUP("Markup",Constants!$A$10:$A$60,Constants!$B$10:$B$60) | H12: =IF(OR(D12="",E12=""),"", D12*E12*F12*G12)
F13: =XLOOKUP("LaborRate",Constants!$A$10:$A$60,Constants!$B$10:$B$60) | G13: =XLOOKUP("Markup",Constants!$A$10:$A$60,Constants!$B$10:$B$60) | H13: =IF(OR(D13="",E13=""),"", D13*E13*F13*G13)
F14: =XLOOKUP("LaborRate",Constants!$A$10:$A$60,Constants!$B$10:$B$60) | G14: =XLOOKUP("Markup",Constants!$A$10:$A$60,Constants!$B$10:$B$60) | H14: =IF(OR(D14="",E14=""),"", D14*E14*F14*G14)
F15: =XLOOKUP("LaborRate",Constants!$A$10:$A$60,Constants!$B$10:$B$60) | G15: =XLOOKUP("Markup",Constants!$A$10:$A$60,Constants!$B$10:$B$60) | H15: =IF(OR(D15="",E15=""),"", D15*E15*F15*G15)
F16: =XLOOKUP("LaborRate",Constants!$A$10:$A$60,Constants!$B$10:$B$60) | G16: =XLOOKUP("Markup",Constants!$A$10:$A$60,Constants!$B$10:$B$60) | H16: =IF(OR(D16="",E16=""),"", D16*E16*F16*G16)
... F203: =XLOOKUP("LaborRate",Constants!$A$10:$A$60,Constants!$B$10:$B$60) | G203: =XLOOKUP("Markup",Constants!$A$10:$A$60,Constants!$B$10:$B$60) | H203: =IF(OR(D203="",E203=""),"", D203*E203*F203*G203)

Sheet INPUT_Rollers
A3: JobID | B3: Scope (Wall/Ceiling) | C3: WallColorID (Walls only) | D3: RollerSize_in (9/14/18) | E3: CoversQty | F3: PriceEach (calc) | G3: Total$ (calc) | H3: Notes | I3: Active?

Sheet ENGINE_Walls
A1: WALLS ENGINE (reads INPUT_* tables)
A3: Scope Settings
A4: JobID (filter) | B4: ='Job Control'!$B$3
A5: Default Prep Level | B5: Light
A6: Labor Rate ($/hr) | B6: =XLOOKUP("LaborRate",Constants!$A$10:$A$60,Constants!$B$10:$B$60)
A7: Markup | B7: =XLOOKUP("Markup",Constants!$A$10:$A$60,Constants!$B$10:$B$60)
A10: RoomID | B10: Room Name | C10: Include | D10: WallSqft | E10: Primer | F10: Topcoats | G10: PrepLevelUsed | H10: PrepMins | I10: PaintMins | J10: PrimerMins | K10: OpeningsCutInMins | L10: Paint_gal (calc) | M10: Primer_gal (calc) | N10: Material$ (calc) | O10: TotalMins | P10: LaborHours | Q10: Labor$ | R10: Total$ w/Markup | S10: WallColorID (room default)
A11: =IFERROR(INDEX(FILTER(INPUT_Rooms!$B$4:$B$83, INPUT_Rooms!$A$4:$A$83=$B$4, INPUT_Rooms!$K$4:$K$83="Y"), 1), "") | B11: =IF(A11="","", XLOOKUP(A11, FILTER(INPUT_Rooms!$B$4:$B$83, INPUT_Rooms!$A$4:$A$83=$B$4), FILTER(INPUT_Rooms!$C$4:$C$83, INPUT_Rooms!$A$4:$A$83=$B$4), "")) | C11: =IF(A11="","", "Y") | D11: =IF(A11="","", XLOOKUP(A11, INPUT_Rooms!$B:$B, INPUT_Rooms!$AD:$AD, "")) | E11: =IF(A11="","", XLOOKUP(A11, INPUT_Rooms!$B:$B, INPUT_Rooms!$L:$L, "")) | F11: =IF(A11="","", XLOOKUP(A11, INPUT_Rooms!$B:$B, INPUT_Rooms!$M:$M, "")) | G11: =IF(A11="","", IF(XLOOKUP(A11, INPUT_Rooms!$B:$B, INPUT_Rooms!$N:$N, "")="", $B$5, XLOOKUP(A11, INPUT_Rooms!$B:$B, INPUT_Rooms!$N:$N, ""))) | H11: =IF(A11="","", D11*XLOOKUP("PrepMinsPerSqft",Constants!$A$20:$A$40,Constants!$B$20:$B$40)*XLOOKUP(G11,Constants!$E$10:$E$30,Constants!$F$10:$F$30)) | I11: =IF(A11="","", D11*XLOOKUP("PaintMinsPerSqftPerCoat",Constants!$A$20:$A$40,Constants!$B$20:$B$40)*F11) | J11: =IF(A11="","", IF(E11="Full", D11*XLOOKUP("PrimerFullMinsPerSqft",Constants!$A$20:$A$40,Constants!$B$20:$B$40), IF(E11="Spot", D11*XLOOKUP("PrimerFullMinsPerSqft",Constants!$A$20:$A$40,Constants!$B$20:$B$40)*XLOOKUP("PrimerSpotFactor",Constants!$A$20:$A$40,Constants!$B$20:$B$40), 0))) | K11: =IF(A11="","", SUMPRODUCT((INPUT_Openings!$A:$A=$B$4)*(INPUT_Openings!$B:$B=A11)*(INPUT_Openings!$D:$D)*INPUT_Openings!$F:$F)) | L11: =IF($A11="","",IF($D11="", "",IFERROR(CEILING( ($D11*$F11) / IFERROR(XLOOKUP(XLOOKUP('Job Control'!$B$3, INPUT_JobSettings!$A:$A, INPUT_JobSettings!$B:$B, ""), Constants!$A:$A, Constants!$D:$D, ""), ""), 0.25), ""))) | M11: =IF($A11="","",IF($E11="None",0,IF($D11="", "",IFERROR(CEILING( ($D11*IF($E11="Full",1, XLOOKUP("PrimerSpotFactor",Constants!$A$10:$A$60,Constants!$B$10:$B$60))) / IFERROR(XLOOKUP(XLOOKUP('Job Control'!$B$3, INPUT_JobSettings!$A:$A, INPUT_JobSettings!$E:$E, ""), Constants!$A:$A, Constants!$D:$D, ""), ""), 0.25), "")))) | N11: =IF($A11="","",IFERROR($L11*IFERROR(XLOOKUP(XLOOKUP('Job Control'!$B$3, INPUT_JobSettings!$A:$A, INPUT_JobSettings!$B:$B, ""), Constants!$A:$A, Constants!$C:$C, 0), 0) + $M11*IFERROR(XLOOKUP(XLOOKUP('Job Control'!$B$3, INPUT_JobSettings!$A:$A, INPUT_JobSettings!$E:$E, ""), Constants!$A:$A, Constants!$C:$C, 0), 0),0)) | O11: =IF($A11="","", SUM($H11:$K11)) | P11: =IF($A11="","", $O11/60) | Q11: =IF($A11="","", $P11*IFERROR(IF(XLOOKUP('Job Control'!$B$3, INPUT_JobSettings!$A:$A, INPUT_JobSettings!$F:$F, "")<>"", XLOOKUP('Job Control'!$B$3, INPUT_JobSettings!$A:$A, INPUT_JobSettings!$F:$F, ""), $B$6), $B$6)) | R11: =IF($A11="","", ($Q11+$N11)*IFERROR(IF(XLOOKUP('Job Control'!$B$3, INPUT_JobSettings!$A:$A, INPUT_JobSettings!$G:$G, "")<>"", XLOOKUP('Job Control'!$B$3, INPUT_JobSettings!$A:$A, INPUT_JobSettings!$G:$G, ""), $B$7), $B$7)) | S11: =IF($A11="","", XLOOKUP($A11, INPUT_Rooms!$B:$B, INPUT_Rooms!$AH:$AH, ""))
A12: =IFERROR(INDEX(FILTER(INPUT_Rooms!$B$4:$B$83, INPUT_Rooms!$A$4:$A$83=$B$4, INPUT_Rooms!$K$4:$K$83="Y"), 2), "") | B12: =IF(A12="","", XLOOKUP(A12, FILTER(INPUT_Rooms!$B$4:$B$83, INPUT_Rooms!$A$4:$A$83=$B$4), FILTER(INPUT_Rooms!$C$4:$C$83, INPUT_Rooms!$A$4:$A$83=$B$4), "")) | C12: =IF(A12="","", "Y") | D12: =IF(A12="","", XLOOKUP(A12, INPUT_Rooms!$B:$B, INPUT_Rooms!$AD:$AD, "")) | E12: =IF(A12="","", XLOOKUP(A12, INPUT_Rooms!$B:$B, INPUT_Rooms!$L:$L, "")) | F12: =IF(A12="","", XLOOKUP(A12, INPUT_Rooms!$B:$B, INPUT_Rooms!$M:$M, "")) | G12: =IF(A12="","", IF(XLOOKUP(A12, INPUT_Rooms!$B:$B, INPUT_Rooms!$N:$N, "")="", $B$5, XLOOKUP(A12, INPUT_Rooms!$B:$B, INPUT_Rooms!$N:$N, ""))) | H12: =IF(A12="","", D12*XLOOKUP("PrepMinsPerSqft",Constants!$A$20:$A$40,Constants!$B$20:$B$40)*XLOOKUP(G12,Constants!$E$10:$E$30,Constants!$F$10:$F$30)) | I12: =IF(A12="","", D12*XLOOKUP("PaintMinsPerSqftPerCoat",Constants!$A$20:$A$40,Constants!$B$20:$B$40)*F12) | J12: =IF(A12="","", IF(E12="Full", D12*XLOOKUP("PrimerFullMinsPerSqft",Constants!$A$20:$A$40,Constants!$B$20:$B$40), IF(E12="Spot", D12*XLOOKUP("PrimerFullMinsPerSqft",Constants!$A$20:$A$40,Constants!$B$20:$B$40)*XLOOKUP("PrimerSpotFactor",Constants!$A$20:$A$40,Constants!$B$20:$B$40), 0))) | K12: =IF(A12="","", SUMPRODUCT((INPUT_Openings!$A:$A=$B$4)*(INPUT_Openings!$B:$B=A12)*(INPUT_Openings!$D:$D)*INPUT_Openings!$F:$F)) | L12: =IF($A12="","",IF($D12="", "",IFERROR(CEILING( ($D12*$F12) / IFERROR(XLOOKUP(XLOOKUP('Job Control'!$B$3, INPUT_JobSettings!$A:$A, INPUT_JobSettings!$B:$B, ""), Constants!$A:$A, Constants!$D:$D, ""), ""), 0.25), ""))) | M12: =IF($A12="","",IF($E12="None",0,IF($D12="", "",IFERROR(CEILING( ($D12*IF($E12="Full",1, XLOOKUP("PrimerSpotFactor",Constants!$A$10:$A$60,Constants!$B$10:$B$60))) / IFERROR(XLOOKUP(XLOOKUP('Job Control'!$B$3, INPUT_JobSettings!$A:$A, INPUT_JobSettings!$E:$E, ""), Constants!$A:$A, Constants!$D:$D, ""), ""), 0.25), "")))) | N12: =IF($A12="","",IFERROR($L12*IFERROR(XLOOKUP(XLOOKUP('Job Control'!$B$3, INPUT_JobSettings!$A:$A, INPUT_JobSettings!$B:$B, ""), Constants!$A:$A, Constants!$C:$C, 0), 0) + $M12*IFERROR(XLOOKUP(XLOOKUP('Job Control'!$B$3, INPUT_JobSettings!$A:$A, INPUT_JobSettings!$E:$E, ""), Constants!$A:$A, Constants!$C:$C, 0), 0),0)) | O12: =IF($A12="","", SUM($H12:$K12)) | P12: =IF($A12="","", $O12/60) | Q12: =IF($A12="","", $P12*IFERROR(IF(XLOOKUP('Job Control'!$B$3, INPUT_JobSettings!$A:$A, INPUT_JobSettings!$F:$F, "")<>"", XLOOKUP('Job Control'!$B$3, INPUT_JobSettings!$A:$A, INPUT_JobSettings!$F:$F, ""), $B$6), $B$6)) | R12: =IF($A12="","", ($Q12+$N12)*IFERROR(IF(XLOOKUP('Job Control'!$B$3, INPUT_JobSettings!$A:$A, INPUT_JobSettings!$G:$G, "")<>"", XLOOKUP('Job Control'!$B$3, INPUT_JobSettings!$A:$A, INPUT_JobSettings!$G:$G, ""), $B$7), $B$7)) | S12: =IF($A12="","", XLOOKUP($A12, INPUT_Rooms!$B:$B, INPUT_Rooms!$AH:$AH, ""))
A13: =IFERROR(INDEX(FILTER(INPUT_Rooms!$B$4:$B$83, INPUT_Rooms!$A$4:$A$83=$B$4, INPUT_Rooms!$K$4:$K$83="Y"), 3), "") | B13: =IF(A13="","", XLOOKUP(A13, FILTER(INPUT_Rooms!$B$4:$B$83, INPUT_Rooms!$A$4:$A$83=$B$4), FILTER(INPUT_Rooms!$C$4:$C$83, INPUT_Rooms!$A$4:$A$83=$B$4), "")) | C13: =IF(A13="","", "Y") | D13: =IF(A13="","", XLOOKUP(A13, INPUT_Rooms!$B:$B, INPUT_Rooms!$AD:$AD, "")) | E13: =IF(A13="","", XLOOKUP(A13, INPUT_Rooms!$B:$B, INPUT_Rooms!$L:$L, "")) | F13: =IF(A13="","", XLOOKUP(A13, INPUT_Rooms!$B:$B, INPUT_Rooms!$M:$M, "")) | G13: =IF(A13="","", IF(XLOOKUP(A13, INPUT_Rooms!$B:$B, INPUT_Rooms!$N:$N, "")="", $B$5, XLOOKUP(A13, INPUT_Rooms!$B:$B, INPUT_Rooms!$N:$N, ""))) | H13: =IF(A13="","", D13*XLOOKUP("PrepMinsPerSqft",Constants!$A$20:$A$40,Constants!$B$20:$B$40)*XLOOKUP(G13,Constants!$E$10:$E$30,Constants!$F$10:$F$30)) | I13: =IF(A13="","", D13*XLOOKUP("PaintMinsPerSqftPerCoat",Constants!$A$20:$A$40,Constants!$B$20:$B$40)*F13) | J13: =IF(A13="","", IF(E13="Full", D13*XLOOKUP("PrimerFullMinsPerSqft",Constants!$A$20:$A$40,Constants!$B$20:$B$40), IF(E13="Spot", D13*XLOOKUP("PrimerFullMinsPerSqft",Constants!$A$20:$A$40,Constants!$B$20:$B$40)*XLOOKUP("PrimerSpotFactor",Constants!$A$20:$A$40,Constants!$B$20:$B$40), 0))) | K13: =IF(A13="","", SUMPRODUCT((INPUT_Openings!$A:$A=$B$4)*(INPUT_Openings!$B:$B=A13)*(INPUT_Openings!$D:$D)*INPUT_Openings!$F:$F)) | L13: =IF($A13="","",IF($D13="", "",IFERROR(CEILING( ($D13*$F13) / IFERROR(XLOOKUP(XLOOKUP('Job Control'!$B$3, INPUT_JobSettings!$A:$A, INPUT_JobSettings!$B:$B, ""), Constants!$A:$A, Constants!$D:$D, ""), ""), 0.25), ""))) | M13: =IF($A13="","",IF($E13="None",0,IF($D13="", "",IFERROR(CEILING( ($D13*IF($E13="Full",1, XLOOKUP("PrimerSpotFactor",Constants!$A$10:$A$60,Constants!$B$10:$B$60))) / IFERROR(XLOOKUP(XLOOKUP('Job Control'!$B$3, INPUT_JobSettings!$A:$A, INPUT_JobSettings!$E:$E, ""), Constants!$A:$A, Constants!$D:$D, ""), ""), 0.25), "")))) | N13: =IF($A13="","",IFERROR($L13*IFERROR(XLOOKUP(XLOOKUP('Job Control'!$B$3, INPUT_JobSettings!$A:$A, INPUT_JobSettings!$B:$B, ""), Constants!$A:$A, Constants!$C:$C, 0), 0) + $M13*IFERROR(XLOOKUP(XLOOKUP('Job Control'!$B$3, INPUT_JobSettings!$A:$A, INPUT_JobSettings!$E:$E, ""), Constants!$A:$A, Constants!$C:$C, 0), 0),0)) | O13: =IF($A13="","", SUM($H13:$K13)) | P13: =IF($A13="","", $O13/60) | Q13: =IF($A13="","", $P13*IFERROR(IF(XLOOKUP('Job Control'!$B$3, INPUT_JobSettings!$A:$A, INPUT_JobSettings!$F:$F, "")<>"", XLOOKUP('Job Control'!$B$3, INPUT_JobSettings!$A:$A, INPUT_JobSettings!$F:$F, ""), $B$6), $B$6)) | R13: =IF($A13="","", ($Q13+$N13)*IFERROR(IF(XLOOKUP('Job Control'!$B$3, INPUT_JobSettings!$A:$A, INPUT_JobSettings!$G:$G, "")<>"", XLOOKUP('Job Control'!$B$3, INPUT_JobSettings!$A:$A, INPUT_JobSettings!$G:$G, ""), $B$7), $B$7)) | S13: =IF($A13="","", XLOOKUP($A13, INPUT_Rooms!$B:$B, INPUT_Rooms!$AH:$AH, ""))
A14: =IFERROR(INDEX(FILTER(INPUT_Rooms!$B$4:$B$83, INPUT_Rooms!$A$4:$A$83=$B$4, INPUT_Rooms!$K$4:$K$83="Y"), 4), "") | B14: =IF(A14="","", XLOOKUP(A14, FILTER(INPUT_Rooms!$B$4:$B$83, INPUT_Rooms!$A$4:$A$83=$B$4), FILTER(INPUT_Rooms!$C$4:$C$83, INPUT_Rooms!$A$4:$A$83=$B$4), "")) | C14: =IF(A14="","", "Y") | D14: =IF(A14="","", XLOOKUP(A14, INPUT_Rooms!$B:$B, INPUT_Rooms!$AD:$AD, "")) | E14: =IF(A14="","", XLOOKUP(A14, INPUT_Rooms!$B:$B, INPUT_Rooms!$L:$L, "")) | F14: =IF(A14="","", XLOOKUP(A14, INPUT_Rooms!$B:$B, INPUT_Rooms!$M:$M, "")) | G14: =IF(A14="","", IF(XLOOKUP(A14, INPUT_Rooms!$B:$B, INPUT_Rooms!$N:$N, "")="", $B$5, XLOOKUP(A14, INPUT_Rooms!$B:$B, INPUT_Rooms!$N:$N, ""))) | H14: =IF(A14="","", D14*XLOOKUP("PrepMinsPerSqft",Constants!$A$20:$A$40,Constants!$B$20:$B$40)*XLOOKUP(G14,Constants!$E$10:$E$30,Constants!$F$10:$F$30)) | I14: =IF(A14="","", D14*XLOOKUP("PaintMinsPerSqftPerCoat",Constants!$A$20:$A$40,Constants!$B$20:$B$40)*F14) | J14: =IF(A14="","", IF(E14="Full", D14*XLOOKUP("PrimerFullMinsPerSqft",Constants!$A$20:$A$40,Constants!$B$20:$B$40), IF(E14="Spot", D14*XLOOKUP("PrimerFullMinsPerSqft",Constants!$A$20:$A$40,Constants!$B$20:$B$40)*XLOOKUP("PrimerSpotFactor",Constants!$A$20:$A$40,Constants!$B$20:$B$40), 0))) | K14: =IF(A14="","", SUMPRODUCT((INPUT_Openings!$A:$A=$B$4)*(INPUT_Openings!$B:$B=A14)*(INPUT_Openings!$D:$D)*INPUT_Openings!$F:$F)) | L14: =IF($A14="","",IF($D14="", "",IFERROR(CEILING( ($D14*$F14) / IFERROR(XLOOKUP(XLOOKUP('Job Control'!$B$3, INPUT_JobSettings!$A:$A, INPUT_JobSettings!$B:$B, ""), Constants!$A:$A, Constants!$D:$D, ""), ""), 0.25), ""))) | M14: =IF($A14="","",IF($E14="None",0,IF($D14="", "",IFERROR(CEILING( ($D14*IF($E14="Full",1, XLOOKUP("PrimerSpotFactor",Constants!$A$10:$A$60,Constants!$B$10:$B$60))) / IFERROR(XLOOKUP(XLOOKUP('Job Control'!$B$3, INPUT_JobSettings!$A:$A, INPUT_JobSettings!$E:$E, ""), Constants!$A:$A, Constants!$D:$D, ""), ""), 0.25), "")))) | N14: =IF($A14="","",IFERROR($L14*IFERROR(XLOOKUP(XLOOKUP('Job Control'!$B$3, INPUT_JobSettings!$A:$A, INPUT_JobSettings!$B:$B, ""), Constants!$A:$A, Constants!$C:$C, 0), 0) + $M14*IFERROR(XLOOKUP(XLOOKUP('Job Control'!$B$3, INPUT_JobSettings!$A:$A, INPUT_JobSettings!$E:$E, ""), Constants!$A:$A, Constants!$C:$C, 0), 0),0)) | O14: =IF($A14="","", SUM($H14:$K14)) | P14: =IF($A14="","", $O14/60) | Q14: =IF($A14="","", $P14*IFERROR(IF(XLOOKUP('Job Control'!$B$3, INPUT_JobSettings!$A:$A, INPUT_JobSettings!$F:$F, "")<>"", XLOOKUP('Job Control'!$B$3, INPUT_JobSettings!$A:$A, INPUT_JobSettings!$F:$F, ""), $B$6), $B$6)) | R14: =IF($A14="","", ($Q14+$N14)*IFERROR(IF(XLOOKUP('Job Control'!$B$3, INPUT_JobSettings!$A:$A, INPUT_JobSettings!$G:$G, "")<>"", XLOOKUP('Job Control'!$B$3, INPUT_JobSettings!$A:$A, INPUT_JobSettings!$G:$G, ""), $B$7), $B$7)) | S14: =IF($A14="","", XLOOKUP($A14, INPUT_Rooms!$B:$B, INPUT_Rooms!$AH:$AH, ""))
A15: =IFERROR(INDEX(FILTER(INPUT_Rooms!$B$4:$B$83, INPUT_Rooms!$A$4:$A$83=$B$4, INPUT_Rooms!$K$4:$K$83="Y"), 5), "") | B15: =IF(A15="","", XLOOKUP(A15, FILTER(INPUT_Rooms!$B$4:$B$83, INPUT_Rooms!$A$4:$A$83=$B$4), FILTER(INPUT_Rooms!$C$4:$C$83, INPUT_Rooms!$A$4:$A$83=$B$4), "")) | C15: =IF(A15="","", "Y") | D15: =IF(A15="","", XLOOKUP(A15, INPUT_Rooms!$B:$B, INPUT_Rooms!$AD:$AD, "")) | E15: =IF(A15="","", XLOOKUP(A15, INPUT_Rooms!$B:$B, INPUT_Rooms!$L:$L, "")) | F15: =IF(A15="","", XLOOKUP(A15, INPUT_Rooms!$B:$B, INPUT_Rooms!$M:$M, "")) | G15: =IF(A15="","", IF(XLOOKUP(A15, INPUT_Rooms!$B:$B, INPUT_Rooms!$N:$N, "")="", $B$5, XLOOKUP(A15, INPUT_Rooms!$B:$B, INPUT_Rooms!$N:$N, ""))) | H15: =IF(A15="","", D15*XLOOKUP("PrepMinsPerSqft",Constants!$A$20:$A$40,Constants!$B$20:$B$40)*XLOOKUP(G15,Constants!$E$10:$E$30,Constants!$F$10:$F$30)) | I15: =IF(A15="","", D15*XLOOKUP("PaintMinsPerSqftPerCoat",Constants!$A$20:$A$40,Constants!$B$20:$B$40)*F15) | J15: =IF(A15="","", IF(E15="Full", D15*XLOOKUP("PrimerFullMinsPerSqft",Constants!$A$20:$A$40,Constants!$B$20:$B$40), IF(E15="Spot", D15*XLOOKUP("PrimerFullMinsPerSqft",Constants!$A$20:$A$40,Constants!$B$20:$B$40)*XLOOKUP("PrimerSpotFactor",Constants!$A$20:$A$40,Constants!$B$20:$B$40), 0))) | K15: =IF(A15="","", SUMPRODUCT((INPUT_Openings!$A:$A=$B$4)*(INPUT_Openings!$B:$B=A15)*(INPUT_Openings!$D:$D)*INPUT_Openings!$F:$F)) | L15: =IF($A15="","",IF($D15="", "",IFERROR(CEILING( ($D15*$F15) / IFERROR(XLOOKUP(XLOOKUP('Job Control'!$B$3, INPUT_JobSettings!$A:$A, INPUT_JobSettings!$B:$B, ""), Constants!$A:$A, Constants!$D:$D, ""), ""), 0.25), ""))) | M15: =IF($A15="","",IF($E15="None",0,IF($D15="", "",IFERROR(CEILING( ($D15*IF($E15="Full",1, XLOOKUP("PrimerSpotFactor",Constants!$A$10:$A$60,Constants!$B$10:$B$60))) / IFERROR(XLOOKUP(XLOOKUP('Job Control'!$B$3, INPUT_JobSettings!$A:$A, INPUT_JobSettings!$E:$E, ""), Constants!$A:$A, Constants!$D:$D, ""), ""), 0.25), "")))) | N15: =IF($A15="","",IFERROR($L15*IFERROR(XLOOKUP(XLOOKUP('Job Control'!$B$3, INPUT_JobSettings!$A:$A, INPUT_JobSettings!$B:$B, ""), Constants!$A:$A, Constants!$C:$C, 0), 0) + $M15*IFERROR(XLOOKUP(XLOOKUP('Job Control'!$B$3, INPUT_JobSettings!$A:$A, INPUT_JobSettings!$E:$E, ""), Constants!$A:$A, Constants!$C:$C, 0), 0),0)) | O15: =IF($A15="","", SUM($H15:$K15)) | P15: =IF($A15="","", $O15/60) | Q15: =IF($A15="","", $P15*IFERROR(IF(XLOOKUP('Job Control'!$B$3, INPUT_JobSettings!$A:$A, INPUT_JobSettings!$F:$F, "")<>"", XLOOKUP('Job Control'!$B$3, INPUT_JobSettings!$A:$A, INPUT_JobSettings!$F:$F, ""), $B$6), $B$6)) | R15: =IF($A15="","", ($Q15+$N15)*IFERROR(IF(XLOOKUP('Job Control'!$B$3, INPUT_JobSettings!$A:$A, INPUT_JobSettings!$G:$G, "")<>"", XLOOKUP('Job Control'!$B$3, INPUT_JobSettings!$A:$A, INPUT_JobSettings!$G:$G, ""), $B$7), $B$7)) | S15: =IF($A15="","", XLOOKUP($A15, INPUT_Rooms!$B:$B, INPUT_Rooms!$AH:$AH, ""))
A16: =IFERROR(INDEX(FILTER(INPUT_Rooms!$B$4:$B$83, INPUT_Rooms!$A$4:$A$83=$B$4, INPUT_Rooms!$K$4:$K$83="Y"), 6), "") | B16: =IF(A16="","", XLOOKUP(A16, FILTER(INPUT_Rooms!$B$4:$B$83, INPUT_Rooms!$A$4:$A$83=$B$4), FILTER(INPUT_Rooms!$C$4:$C$83, INPUT_Rooms!$A$4:$A$83=$B$4), "")) | C16: =IF(A16="","", "Y") | D16: =IF(A16="","", XLOOKUP(A16, INPUT_Rooms!$B:$B, INPUT_Rooms!$AD:$AD, "")) | E16: =IF(A16="","", XLOOKUP(A16, INPUT_Rooms!$B:$B, INPUT_Rooms!$L:$L, "")) | F16: =IF(A16="","", XLOOKUP(A16, INPUT_Rooms!$B:$B, INPUT_Rooms!$M:$M, "")) | G16: =IF(A16="","", IF(XLOOKUP(A16, INPUT_Rooms!$B:$B, INPUT_Rooms!$N:$N, "")="", $B$5, XLOOKUP(A16, INPUT_Rooms!$B:$B, INPUT_Rooms!$N:$N, ""))) | H16: =IF(A16="","", D16*XLOOKUP("PrepMinsPerSqft",Constants!$A$20:$A$40,Constants!$B$20:$B$40)*XLOOKUP(G16,Constants!$E$10:$E$30,Constants!$F$10:$F$30)) | I16: =IF(A16="","", D16*XLOOKUP("PaintMinsPerSqftPerCoat",Constants!$A$20:$A$40,Constants!$B$20:$B$40)*F16) | J16: =IF(A16="","", IF(E16="Full", D16*XLOOKUP("PrimerFullMinsPerSqft",Constants!$A$20:$A$40,Constants!$B$20:$B$40), IF(E16="Spot", D16*XLOOKUP("PrimerFullMinsPerSqft",Constants!$A$20:$A$40,Constants!$B$20:$B$40)*XLOOKUP("PrimerSpotFactor",Constants!$A$20:$A$40,Constants!$B$20:$B$40), 0))) | K16: =IF(A16="","", SUMPRODUCT((INPUT_Openings!$A:$A=$B$4)*(INPUT_Openings!$B:$B=A16)*(INPUT_Openings!$D:$D)*INPUT_Openings!$F:$F)) | L16: =IF($A16="","",IF($D16="", "",IFERROR(CEILING( ($D16*$F16) / IFERROR(XLOOKUP(XLOOKUP('Job Control'!$B$3, INPUT_JobSettings!$A:$A, INPUT_JobSettings!$B:$B, ""), Constants!$A:$A, Constants!$D:$D, ""), ""), 0.25), ""))) | M16: =IF($A16="","",IF($E16="None",0,IF($D16="", "",IFERROR(CEILING( ($D16*IF($E16="Full",1, XLOOKUP("PrimerSpotFactor",Constants!$A$10:$A$60,Constants!$B$10:$B$60))) / IFERROR(XLOOKUP(XLOOKUP('Job Control'!$B$3, INPUT_JobSettings!$A:$A, INPUT_JobSettings!$E:$E, ""), Constants!$A:$A, Constants!$D:$D, ""), ""), 0.25), "")))) | N16: =IF($A16="","",IFERROR($L16*IFERROR(XLOOKUP(XLOOKUP('Job Control'!$B$3, INPUT_JobSettings!$A:$A, INPUT_JobSettings!$B:$B, ""), Constants!$A:$A, Constants!$C:$C, 0), 0) + $M16*IFERROR(XLOOKUP(XLOOKUP('Job Control'!$B$3, INPUT_JobSettings!$A:$A, INPUT_JobSettings!$E:$E, ""), Constants!$A:$A, Constants!$C:$C, 0), 0),0)) | O16: =IF($A16="","", SUM($H16:$K16)) | P16: =IF($A16="","", $O16/60) | Q16: =IF($A16="","", $P16*IFERROR(IF(XLOOKUP('Job Control'!$B$3, INPUT_JobSettings!$A:$A, INPUT_JobSettings!$F:$F, "")<>"", XLOOKUP('Job Control'!$B$3, INPUT_JobSettings!$A:$A, INPUT_JobSettings!$F:$F, ""), $B$6), $B$6)) | R16: =IF($A16="","", ($Q16+$N16)*IFERROR(IF(XLOOKUP('Job Control'!$B$3, INPUT_JobSettings!$A:$A, INPUT_JobSettings!$G:$G, "")<>"", XLOOKUP('Job Control'!$B$3, INPUT_JobSettings!$A:$A, INPUT_JobSettings!$G:$G, ""), $B$7), $B$7)) | S16: =IF($A16="","", XLOOKUP($A16, INPUT_Rooms!$B:$B, INPUT_Rooms!$AH:$AH, ""))
A17: =IFERROR(INDEX(FILTER(INPUT_Rooms!$B$4:$B$83, INPUT_Rooms!$A$4:$A$83=$B$4, INPUT_Rooms!$K$4:$K$83="Y"), 7), "") | B17: =IF(A17="","", XLOOKUP(A17, FILTER(INPUT_Rooms!$B$4:$B$83, INPUT_Rooms!$A$4:$A$83=$B$4), FILTER(INPUT_Rooms!$C$4:$C$83, INPUT_Rooms!$A$4:$A$83=$B$4), "")) | C17: =IF(A17="","", "Y") | D17: =IF(A17="","", XLOOKUP(A17, INPUT_Rooms!$B:$B, INPUT_Rooms!$AD:$AD, "")) | E17: =IF(A17="","", XLOOKUP(A17, INPUT_Rooms!$B:$B, INPUT_Rooms!$L:$L, "")) | F17: =IF(A17="","", XLOOKUP(A17, INPUT_Rooms!$B:$B, INPUT_Rooms!$M:$M, "")) | G17: =IF(A17="","", IF(XLOOKUP(A17, INPUT_Rooms!$B:$B, INPUT_Rooms!$N:$N, "")="", $B$5, XLOOKUP(A17, INPUT_Rooms!$B:$B, INPUT_Rooms!$N:$N, ""))) | H17: =IF(A17="","", D17*XLOOKUP("PrepMinsPerSqft",Constants!$A$20:$A$40,Constants!$B$20:$B$40)*XLOOKUP(G17,Constants!$E$10:$E$30,Constants!$F$10:$F$30)) | I17: =IF(A17="","", D17*XLOOKUP("PaintMinsPerSqftPerCoat",Constants!$A$20:$A$40,Constants!$B$20:$B$40)*F17) | J17: =IF(A17="","", IF(E17="Full", D17*XLOOKUP("PrimerFullMinsPerSqft",Constants!$A$20:$A$40,Constants!$B$20:$B$40), IF(E17="Spot", D17*XLOOKUP("PrimerFullMinsPerSqft",Constants!$A$20:$A$40,Constants!$B$20:$B$40)*XLOOKUP("PrimerSpotFactor",Constants!$A$20:$A$40,Constants!$B$20:$B$40), 0))) | K17: =IF(A17="","", SUMPRODUCT((INPUT_Openings!$A:$A=$B$4)*(INPUT_Openings!$B:$B=A17)*(INPUT_Openings!$D:$D)*INPUT_Openings!$F:$F)) | L17: =IF($A17="","",IF($D17="", "",IFERROR(CEILING( ($D17*$F17) / IFERROR(XLOOKUP(XLOOKUP('Job Control'!$B$3, INPUT_JobSettings!$A:$A, INPUT_JobSettings!$B:$B, ""), Constants!$A:$A, Constants!$D:$D, ""), ""), 0.25), ""))) | M17: =IF($A17="","",IF($E17="None",0,IF($D17="", "",IFERROR(CEILING( ($D17*IF($E17="Full",1, XLOOKUP("PrimerSpotFactor",Constants!$A$10:$A$60,Constants!$B$10:$B$60))) / IFERROR(XLOOKUP(XLOOKUP('Job Control'!$B$3, INPUT_JobSettings!$A:$A, INPUT_JobSettings!$E:$E, ""), Constants!$A:$A, Constants!$D:$D, ""), ""), 0.25), "")))) | N17: =IF($A17="","",IFERROR($L17*IFERROR(XLOOKUP(XLOOKUP('Job Control'!$B$3, INPUT_JobSettings!$A:$A, INPUT_JobSettings!$B:$B, ""), Constants!$A:$A, Constants!$C:$C, 0), 0) + $M17*IFERROR(XLOOKUP(XLOOKUP('Job Control'!$B$3, INPUT_JobSettings!$A:$A, INPUT_JobSettings!$E:$E, ""), Constants!$A:$A, Constants!$C:$C, 0), 0),0)) | O17: =IF($A17="","", SUM($H17:$K17)) | P17: =IF($A17="","", $O17/60) | Q17: =IF($A17="","", $P17*IFERROR(IF(XLOOKUP('Job Control'!$B$3, INPUT_JobSettings!$A:$A, INPUT_JobSettings!$F:$F, "")<>"", XLOOKUP('Job Control'!$B$3, INPUT_JobSettings!$A:$A, INPUT_JobSettings!$F:$F, ""), $B$6), $B$6)) | R17: =IF($A17="","", ($Q17+$N17)*IFERROR(IF(XLOOKUP('Job Control'!$B$3, INPUT_JobSettings!$A:$A, INPUT_JobSettings!$G:$G, "")<>"", XLOOKUP('Job Control'!$B$3, INPUT_JobSettings!$A:$A, INPUT_JobSettings!$G:$G, ""), $B$7), $B$7)) | S17: =IF($A17="","", XLOOKUP($A17, INPUT_Rooms!$B:$B, INPUT_Rooms!$AH:$AH, ""))
A18: =IFERROR(INDEX(FILTER(INPUT_Rooms!$B$4:$B$83, INPUT_Rooms!$A$4:$A$83=$B$4, INPUT_Rooms!$K$4:$K$83="Y"), 8), "") | B18: =IF(A18="","", XLOOKUP(A18, FILTER(INPUT_Rooms!$B$4:$B$83, INPUT_Rooms!$A$4:$A$83=$B$4), FILTER(INPUT_Rooms!$C$4:$C$83, INPUT_Rooms!$A$4:$A$83=$B$4), "")) | C18: =IF(A18="","", "Y") | D18: =IF(A18="","", XLOOKUP(A18, INPUT_Rooms!$B:$B, INPUT_Rooms!$AD:$AD, "")) | E18: =IF(A18="","", XLOOKUP(A18, INPUT_Rooms!$B:$B, INPUT_Rooms!$L:$L, "")) | F18: =IF(A18="","", XLOOKUP(A18, INPUT_Rooms!$B:$B, INPUT_Rooms!$M:$M, "")) | G18: =IF(A18="","", IF(XLOOKUP(A18, INPUT_Rooms!$B:$B, INPUT_Rooms!$N:$N, "")="", $B$5, XLOOKUP(A18, INPUT_Rooms!$B:$B, INPUT_Rooms!$N:$N, ""))) | H18: =IF(A18="","", D18*XLOOKUP("PrepMinsPerSqft",Constants!$A$20:$A$40,Constants!$B$20:$B$40)*XLOOKUP(G18,Constants!$E$10:$E$30,Constants!$F$10:$F$30)) | I18: =IF(A18="","", D18*XLOOKUP("PaintMinsPerSqftPerCoat",Constants!$A$20:$A$40,Constants!$B$20:$B$40)*F18) | J18: =IF(A18="","", IF(E18="Full", D18*XLOOKUP("PrimerFullMinsPerSqft",Constants!$A$20:$A$40,Constants!$B$20:$B$40), IF(E18="Spot", D18*XLOOKUP("PrimerFullMinsPerSqft",Constants!$A$20:$A$40,Constants!$B$20:$B$40)*XLOOKUP("PrimerSpotFactor",Constants!$A$20:$A$40,Constants!$B$20:$B$40), 0))) | K18: =IF(A18="","", SUMPRODUCT((INPUT_Openings!$A:$A=$B$4)*(INPUT_Openings!$B:$B=A18)*(INPUT_Openings!$D:$D)*INPUT_Openings!$F:$F)) | L18: =IF($A18="","",IF($D18="", "",IFERROR(CEILING( ($D18*$F18) / IFERROR(XLOOKUP(XLOOKUP('Job Control'!$B$3, INPUT_JobSettings!$A:$A, INPUT_JobSettings!$B:$B, ""), Constants!$A:$A, Constants!$D:$D, ""), ""), 0.25), ""))) | M18: =IF($A18="","",IF($E18="None",0,IF($D18="", "",IFERROR(CEILING( ($D18*IF($E18="Full",1, XLOOKUP("PrimerSpotFactor",Constants!$A$10:$A$60,Constants!$B$10:$B$60))) / IFERROR(XLOOKUP(XLOOKUP('Job Control'!$B$3, INPUT_JobSettings!$A:$A, INPUT_JobSettings!$E:$E, ""), Constants!$A:$A, Constants!$D:$D, ""), ""), 0.25), "")))) | N18: =IF($A18="","",IFERROR($L18*IFERROR(XLOOKUP(XLOOKUP('Job Control'!$B$3, INPUT_JobSettings!$A:$A, INPUT_JobSettings!$B:$B, ""), Constants!$A:$A, Constants!$C:$C, 0), 0) + $M18*IFERROR(XLOOKUP(XLOOKUP('Job Control'!$B$3, INPUT_JobSettings!$A:$A, INPUT_JobSettings!$E:$E, ""), Constants!$A:$A, Constants!$C:$C, 0), 0),0)) | O18: =IF($A18="","", SUM($H18:$K18)) | P18: =IF($A18="","", $O18/60) | Q18: =IF($A18="","", $P18*IFERROR(IF(XLOOKUP('Job Control'!$B$3, INPUT_JobSettings!$A:$A, INPUT_JobSettings!$F:$F, "")<>"", XLOOKUP('Job Control'!$B$3, INPUT_JobSettings!$A:$A, INPUT_JobSettings!$F:$F, ""), $B$6), $B$6)) | R18: =IF($A18="","", ($Q18+$N18)*IFERROR(IF(XLOOKUP('Job Control'!$B$3, INPUT_JobSettings!$A:$A, INPUT_JobSettings!$G:$G, "")<>"", XLOOKUP('Job Control'!$B$3, INPUT_JobSettings!$A:$A, INPUT_JobSettings!$G:$G, ""), $B$7), $B$7)) | S18: =IF($A18="","", XLOOKUP($A18, INPUT_Rooms!$B:$B, INPUT_Rooms!$AH:$AH, ""))
A19: =IFERROR(INDEX(FILTER(INPUT_Rooms!$B$4:$B$83, INPUT_Rooms!$A$4:$A$83=$B$4, INPUT_Rooms!$K$4:$K$83="Y"), 9), "") | B19: =IF(A19="","", XLOOKUP(A19, FILTER(INPUT_Rooms!$B$4:$B$83, INPUT_Rooms!$A$4:$A$83=$B$4), FILTER(INPUT_Rooms!$C$4:$C$83, INPUT_Rooms!$A$4:$A$83=$B$4), "")) | C19: =IF(A19="","", "Y") | D19: =IF(A19="","", XLOOKUP(A19, INPUT_Rooms!$B:$B, INPUT_Rooms!$AD:$AD, "")) | E19: =IF(A19="","", XLOOKUP(A19, INPUT_Rooms!$B:$B, INPUT_Rooms!$L:$L, "")) | F19: =IF(A19="","", XLOOKUP(A19, INPUT_Rooms!$B:$B, INPUT_Rooms!$M:$M, "")) | G19: =IF(A19="","", IF(XLOOKUP(A19, INPUT_Rooms!$B:$B, INPUT_Rooms!$N:$N, "")="", $B$5, XLOOKUP(A19, INPUT_Rooms!$B:$B, INPUT_Rooms!$N:$N, ""))) | H19: =IF(A19="","", D19*XLOOKUP("PrepMinsPerSqft",Constants!$A$20:$A$40,Constants!$B$20:$B$40)*XLOOKUP(G19,Constants!$E$10:$E$30,Constants!$F$10:$F$30)) | I19: =IF(A19="","", D19*XLOOKUP("PaintMinsPerSqftPerCoat",Constants!$A$20:$A$40,Constants!$B$20:$B$40)*F19) | J19: =IF(A19="","", IF(E19="Full", D19*XLOOKUP("PrimerFullMinsPerSqft",Constants!$A$20:$A$40,Constants!$B$20:$B$40), IF(E19="Spot", D19*XLOOKUP("PrimerFullMinsPerSqft",Constants!$A$20:$A$40,Constants!$B$20:$B$40)*XLOOKUP("PrimerSpotFactor",Constants!$A$20:$A$40,Constants!$B$20:$B$40), 0))) | K19: =IF(A19="","", SUMPRODUCT((INPUT_Openings!$A:$A=$B$4)*(INPUT_Openings!$B:$B=A19)*(INPUT_Openings!$D:$D)*INPUT_Openings!$F:$F)) | L19: =IF($A19="","",IF($D19="", "",IFERROR(CEILING( ($D19*$F19) / IFERROR(XLOOKUP(XLOOKUP('Job Control'!$B$3, INPUT_JobSettings!$A:$A, INPUT_JobSettings!$B:$B, ""), Constants!$A:$A, Constants!$D:$D, ""), ""), 0.25), ""))) | M19: =IF($A19="","",IF($E19="None",0,IF($D19="", "",IFERROR(CEILING( ($D19*IF($E19="Full",1, XLOOKUP("PrimerSpotFactor",Constants!$A$10:$A$60,Constants!$B$10:$B$60))) / IFERROR(XLOOKUP(XLOOKUP('Job Control'!$B$3, INPUT_JobSettings!$A:$A, INPUT_JobSettings!$E:$E, ""), Constants!$A:$A, Constants!$D:$D, ""), ""), 0.25), "")))) | N19: =IF($A19="","",IFERROR($L19*IFERROR(XLOOKUP(XLOOKUP('Job Control'!$B$3, INPUT_JobSettings!$A:$A, INPUT_JobSettings!$B:$B, ""), Constants!$A:$A, Constants!$C:$C, 0), 0) + $M19*IFERROR(XLOOKUP(XLOOKUP('Job Control'!$B$3, INPUT_JobSettings!$A:$A, INPUT_JobSettings!$E:$E, ""), Constants!$A:$A, Constants!$C:$C, 0), 0),0)) | O19: =IF($A19="","", SUM($H19:$K19)) | P19: =IF($A19="","", $O19/60) | Q19: =IF($A19="","", $P19*IFERROR(IF(XLOOKUP('Job Control'!$B$3, INPUT_JobSettings!$A:$A, INPUT_JobSettings!$F:$F, "")<>"", XLOOKUP('Job Control'!$B$3, INPUT_JobSettings!$A:$A, INPUT_JobSettings!$F:$F, ""), $B$6), $B$6)) | R19: =IF($A19="","", ($Q19+$N19)*IFERROR(IF(XLOOKUP('Job Control'!$B$3, INPUT_JobSettings!$A:$A, INPUT_JobSettings!$G:$G, "")<>"", XLOOKUP('Job Control'!$B$3, INPUT_JobSettings!$A:$A, INPUT_JobSettings!$G:$G, ""), $B$7), $B$7)) | S19: =IF($A19="","", XLOOKUP($A19, INPUT_Rooms!$B:$B, INPUT_Rooms!$AH:$AH, ""))
A20: =IFERROR(INDEX(FILTER(INPUT_Rooms!$B$4:$B$83, INPUT_Rooms!$A$4:$A$83=$B$4, INPUT_Rooms!$K$4:$K$83="Y"), 10), "") | B20: =IF(A20="","", XLOOKUP(A20, FILTER(INPUT_Rooms!$B$4:$B$83, INPUT_Rooms!$A$4:$A$83=$B$4), FILTER(INPUT_Rooms!$C$4:$C$83, INPUT_Rooms!$A$4:$A$83=$B$4), "")) | C20: =IF(A20="","", "Y") | D20: =IF(A20="","", XLOOKUP(A20, INPUT_Rooms!$B:$B, INPUT_Rooms!$AD:$AD, "")) | E20: =IF(A20="","", XLOOKUP(A20, INPUT_Rooms!$B:$B, INPUT_Rooms!$L:$L, "")) | F20: =IF(A20="","", XLOOKUP(A20, INPUT_Rooms!$B:$B, INPUT_Rooms!$M:$M, "")) | G20: =IF(A20="","", IF(XLOOKUP(A20, INPUT_Rooms!$B:$B, INPUT_Rooms!$N:$N, "")="", $B$5, XLOOKUP(A20, INPUT_Rooms!$B:$B, INPUT_Rooms!$N:$N, ""))) | H20: =IF(A20="","", D20*XLOOKUP("PrepMinsPerSqft",Constants!$A$20:$A$40,Constants!$B$20:$B$40)*XLOOKUP(G20,Constants!$E$10:$E$30,Constants!$F$10:$F$30)) | I20: =IF(A20="","", D20*XLOOKUP("PaintMinsPerSqftPerCoat",Constants!$A$20:$A$40,Constants!$B$20:$B$40)*F20) | J20: =IF(A20="","", IF(E20="Full", D20*XLOOKUP("PrimerFullMinsPerSqft",Constants!$A$20:$A$40,Constants!$B$20:$B$40), IF(E20="Spot", D20*XLOOKUP("PrimerFullMinsPerSqft",Constants!$A$20:$A$40,Constants!$B$20:$B$40)*XLOOKUP("PrimerSpotFactor",Constants!$A$20:$A$40,Constants!$B$20:$B$40), 0))) | K20: =IF(A20="","", SUMPRODUCT((INPUT_Openings!$A:$A=$B$4)*(INPUT_Openings!$B:$B=A20)*(INPUT_Openings!$D:$D)*INPUT_Openings!$F:$F)) | L20: =IF($A20="","",IF($D20="", "",IFERROR(CEILING( ($D20*$F20) / IFERROR(XLOOKUP(XLOOKUP('Job Control'!$B$3, INPUT_JobSettings!$A:$A, INPUT_JobSettings!$B:$B, ""), Constants!$A:$A, Constants!$D:$D, ""), ""), 0.25), ""))) | M20: =IF($A20="","",IF($E20="None",0,IF($D20="", "",IFERROR(CEILING( ($D20*IF($E20="Full",1, XLOOKUP("PrimerSpotFactor",Constants!$A$10:$A$60,Constants!$B$10:$B$60))) / IFERROR(XLOOKUP(XLOOKUP('Job Control'!$B$3, INPUT_JobSettings!$A:$A, INPUT_JobSettings!$E:$E, ""), Constants!$A:$A, Constants!$D:$D, ""), ""), 0.25), "")))) | N20: =IF($A20="","",IFERROR($L20*IFERROR(XLOOKUP(XLOOKUP('Job Control'!$B$3, INPUT_JobSettings!$A:$A, INPUT_JobSettings!$B:$B, ""), Constants!$A:$A, Constants!$C:$C, 0), 0) + $M20*IFERROR(XLOOKUP(XLOOKUP('Job Control'!$B$3, INPUT_JobSettings!$A:$A, INPUT_JobSettings!$E:$E, ""), Constants!$A:$A, Constants!$C:$C, 0), 0),0)) | O20: =IF($A20="","", SUM($H20:$K20)) | P20: =IF($A20="","", $O20/60) | Q20: =IF($A20="","", $P20*IFERROR(IF(XLOOKUP('Job Control'!$B$3, INPUT_JobSettings!$A:$A, INPUT_JobSettings!$F:$F, "")<>"", XLOOKUP('Job Control'!$B$3, INPUT_JobSettings!$A:$A, INPUT_JobSettings!$F:$F, ""), $B$6), $B$6)) | R20: =IF($A20="","", ($Q20+$N20)*IFERROR(IF(XLOOKUP('Job Control'!$B$3, INPUT_JobSettings!$A:$A, INPUT_JobSettings!$G:$G, "")<>"", XLOOKUP('Job Control'!$B$3, INPUT_JobSettings!$A:$A, INPUT_JobSettings!$G:$G, ""), $B$7), $B$7)) | S20: =IF($A20="","", XLOOKUP($A20, INPUT_Rooms!$B:$B, INPUT_Rooms!$AH:$AH, ""))
A21: =IFERROR(INDEX(FILTER(INPUT_Rooms!$B$4:$B$83, INPUT_Rooms!$A$4:$A$83=$B$4, INPUT_Rooms!$K$4:$K$83="Y"), 11), "") | B21: =IF(A21="","", XLOOKUP(A21, FILTER(INPUT_Rooms!$B$4:$B$83, INPUT_Rooms!$A$4:$A$83=$B$4), FILTER(INPUT_Rooms!$C$4:$C$83, INPUT_Rooms!$A$4:$A$83=$B$4), "")) | C21: =IF(A21="","", "Y") | D21: =IF(A21="","", XLOOKUP(A21, INPUT_Rooms!$B:$B, INPUT_Rooms!$AD:$AD, "")) | E21: =IF(A21="","", XLOOKUP(A21, INPUT_Rooms!$B:$B, INPUT_Rooms!$L:$L, "")) | F21: =IF(A21="","", XLOOKUP(A21, INPUT_Rooms!$B:$B, INPUT_Rooms!$M:$M, "")) | G21: =IF(A21="","", IF(XLOOKUP(A21, INPUT_Rooms!$B:$B, INPUT_Rooms!$N:$N, "")="", $B$5, XLOOKUP(A21, INPUT_Rooms!$B:$B, INPUT_Rooms!$N:$N, ""))) | H21: =IF(A21="","", D21*XLOOKUP("PrepMinsPerSqft",Constants!$A$20:$A$40,Constants!$B$20:$B$40)*XLOOKUP(G21,Constants!$E$10:$E$30,Constants!$F$10:$F$30)) | I21: =IF(A21="","", D21*XLOOKUP("PaintMinsPerSqftPerCoat",Constants!$A$20:$A$40,Constants!$B$20:$B$40)*F21) | J21: =IF(A21="","", IF(E21="Full", D21*XLOOKUP("PrimerFullMinsPerSqft",Constants!$A$20:$A$40,Constants!$B$20:$B$40), IF(E21="Spot", D21*XLOOKUP("PrimerFullMinsPerSqft",Constants!$A$20:$A$40,Constants!$B$20:$B$40)*XLOOKUP("PrimerSpotFactor",Constants!$A$20:$A$40,Constants!$B$20:$B$40), 0))) | K21: =IF(A21="","", SUMPRODUCT((INPUT_Openings!$A:$A=$B$4)*(INPUT_Openings!$B:$B=A21)*(INPUT_Openings!$D:$D)*INPUT_Openings!$F:$F)) | L21: =IF($A21="","",IF($D21="", "",IFERROR(CEILING( ($D21*$F21) / IFERROR(XLOOKUP(XLOOKUP('Job Control'!$B$3, INPUT_JobSettings!$A:$A, INPUT_JobSettings!$B:$B, ""), Constants!$A:$A, Constants!$D:$D, ""), ""), 0.25), ""))) | M21: =IF($A21="","",IF($E21="None",0,IF($D21="", "",IFERROR(CEILING( ($D21*IF($E21="Full",1, XLOOKUP("PrimerSpotFactor",Constants!$A$10:$A$60,Constants!$B$10:$B$60))) / IFERROR(XLOOKUP(XLOOKUP('Job Control'!$B$3, INPUT_JobSettings!$A:$A, INPUT_JobSettings!$E:$E, ""), Constants!$A:$A, Constants!$D:$D, ""), ""), 0.25), "")))) | N21: =IF($A21="","",IFERROR($L21*IFERROR(XLOOKUP(XLOOKUP('Job Control'!$B$3, INPUT_JobSettings!$A:$A, INPUT_JobSettings!$B:$B, ""), Constants!$A:$A, Constants!$C:$C, 0), 0) + $M21*IFERROR(XLOOKUP(XLOOKUP('Job Control'!$B$3, INPUT_JobSettings!$A:$A, INPUT_JobSettings!$E:$E, ""), Constants!$A:$A, Constants!$C:$C, 0), 0),0)) | O21: =IF($A21="","", SUM($H21:$K21)) | P21: =IF($A21="","", $O21/60) | Q21: =IF($A21="","", $P21*IFERROR(IF(XLOOKUP('Job Control'!$B$3, INPUT_JobSettings!$A:$A, INPUT_JobSettings!$F:$F, "")<>"", XLOOKUP('Job Control'!$B$3, INPUT_JobSettings!$A:$A, INPUT_JobSettings!$F:$F, ""), $B$6), $B$6)) | R21: =IF($A21="","", ($Q21+$N21)*IFERROR(IF(XLOOKUP('Job Control'!$B$3, INPUT_JobSettings!$A:$A, INPUT_JobSettings!$G:$G, "")<>"", XLOOKUP('Job Control'!$B$3, INPUT_JobSettings!$A:$A, INPUT_JobSettings!$G:$G, ""), $B$7), $B$7)) | S21: =IF($A21="","", XLOOKUP($A21, INPUT_Rooms!$B:$B, INPUT_Rooms!$AH:$AH, ""))
A22: =IFERROR(INDEX(FILTER(INPUT_Rooms!$B$4:$B$83, INPUT_Rooms!$A$4:$A$83=$B$4, INPUT_Rooms!$K$4:$K$83="Y"), 12), "") | B22: =IF(A22="","", XLOOKUP(A22, FILTER(INPUT_Rooms!$B$4:$B$83, INPUT_Rooms!$A$4:$A$83=$B$4), FILTER(INPUT_Rooms!$C$4:$C$83, INPUT_Rooms!$A$4:$A$83=$B$4), "")) | C22: =IF(A22="","", "Y") | D22: =IF(A22="","", XLOOKUP(A22, INPUT_Rooms!$B:$B, INPUT_Rooms!$AD:$AD, "")) | E22: =IF(A22="","", XLOOKUP(A22, INPUT_Rooms!$B:$B, INPUT_Rooms!$L:$L, "")) | F22: =IF(A22="","", XLOOKUP(A22, INPUT_Rooms!$B:$B, INPUT_Rooms!$M:$M, "")) | G22: =IF(A22="","", IF(XLOOKUP(A22, INPUT_Rooms!$B:$B, INPUT_Rooms!$N:$N, "")="", $B$5, XLOOKUP(A22, INPUT_Rooms!$B:$B, INPUT_Rooms!$N:$N, ""))) | H22: =IF(A22="","", D22*XLOOKUP("PrepMinsPerSqft",Constants!$A$20:$A$40,Constants!$B$20:$B$40)*XLOOKUP(G22,Constants!$E$10:$E$30,Constants!$F$10:$F$30)) | I22: =IF(A22="","", D22*XLOOKUP("PaintMinsPerSqftPerCoat",Constants!$A$20:$A$40,Constants!$B$20:$B$40)*F22) | J22: =IF(A22="","", IF(E22="Full", D22*XLOOKUP("PrimerFullMinsPerSqft",Constants!$A$20:$A$40,Constants!$B$20:$B$40), IF(E22="Spot", D22*XLOOKUP("PrimerFullMinsPerSqft",Constants!$A$20:$A$40,Constants!$B$20:$B$40)*XLOOKUP("PrimerSpotFactor",Constants!$A$20:$A$40,Constants!$B$20:$B$40), 0))) | K22: =IF(A22="","", SUMPRODUCT((INPUT_Openings!$A:$A=$B$4)*(INPUT_Openings!$B:$B=A22)*(INPUT_Openings!$D:$D)*INPUT_Openings!$F:$F)) | L22: =IF($A22="","",IF($D22="", "",IFERROR(CEILING( ($D22*$F22) / IFERROR(XLOOKUP(XLOOKUP('Job Control'!$B$3, INPUT_JobSettings!$A:$A, INPUT_JobSettings!$B:$B, ""), Constants!$A:$A, Constants!$D:$D, ""), ""), 0.25), ""))) | M22: =IF($A22="","",IF($E22="None",0,IF($D22="", "",IFERROR(CEILING( ($D22*IF($E22="Full",1, XLOOKUP("PrimerSpotFactor",Constants!$A$10:$A$60,Constants!$B$10:$B$60))) / IFERROR(XLOOKUP(XLOOKUP('Job Control'!$B$3, INPUT_JobSettings!$A:$A, INPUT_JobSettings!$E:$E, ""), Constants!$A:$A, Constants!$D:$D, ""), ""), 0.25), "")))) | N22: =IF($A22="","",IFERROR($L22*IFERROR(XLOOKUP(XLOOKUP('Job Control'!$B$3, INPUT_JobSettings!$A:$A, INPUT_JobSettings!$B:$B, ""), Constants!$A:$A, Constants!$C:$C, 0), 0) + $M22*IFERROR(XLOOKUP(XLOOKUP('Job Control'!$B$3, INPUT_JobSettings!$A:$A, INPUT_JobSettings!$E:$E, ""), Constants!$A:$A, Constants!$C:$C, 0), 0),0)) | O22: =IF($A22="","", SUM($H22:$K22)) | P22: =IF($A22="","", $O22/60) | Q22: =IF($A22="","", $P22*IFERROR(IF(XLOOKUP('Job Control'!$B$3, INPUT_JobSettings!$A:$A, INPUT_JobSettings!$F:$F, "")<>"", XLOOKUP('Job Control'!$B$3, INPUT_JobSettings!$A:$A, INPUT_JobSettings!$F:$F, ""), $B$6), $B$6)) | R22: =IF($A22="","", ($Q22+$N22)*IFERROR(IF(XLOOKUP('Job Control'!$B$3, INPUT_JobSettings!$A:$A, INPUT_JobSettings!$G:$G, "")<>"", XLOOKUP('Job Control'!$B$3, INPUT_JobSettings!$A:$A, INPUT_JobSettings!$G:$G, ""), $B$7), $B$7)) | S22: =IF($A22="","", XLOOKUP($A22, INPUT_Rooms!$B:$B, INPUT_Rooms!$AH:$AH, ""))
A23: =IFERROR(INDEX(FILTER(INPUT_Rooms!$B$4:$B$83, INPUT_Rooms!$A$4:$A$83=$B$4, INPUT_Rooms!$K$4:$K$83="Y"), 13), "") | B23: =IF(A23="","", XLOOKUP(A23, FILTER(INPUT_Rooms!$B$4:$B$83, INPUT_Rooms!$A$4:$A$83=$B$4), FILTER(INPUT_Rooms!$C$4:$C$83, INPUT_Rooms!$A$4:$A$83=$B$4), "")) | C23: =IF(A23="","", "Y") | D23: =IF(A23="","", XLOOKUP(A23, INPUT_Rooms!$B:$B, INPUT_Rooms!$AD:$AD, "")) | E23: =IF(A23="","", XLOOKUP(A23, INPUT_Rooms!$B:$B, INPUT_Rooms!$L:$L, "")) | F23: =IF(A23="","", XLOOKUP(A23, INPUT_Rooms!$B:$B, INPUT_Rooms!$M:$M, "")) | G23: =IF(A23="","", IF(XLOOKUP(A23, INPUT_Rooms!$B:$B, INPUT_Rooms!$N:$N, "")="", $B$5, XLOOKUP(A23, INPUT_Rooms!$B:$B, INPUT_Rooms!$N:$N, ""))) | H23: =IF(A23="","", D23*XLOOKUP("PrepMinsPerSqft",Constants!$A$20:$A$40,Constants!$B$20:$B$40)*XLOOKUP(G23,Constants!$E$10:$E$30,Constants!$F$10:$F$30)) | I23: =IF(A23="","", D23*XLOOKUP("PaintMinsPerSqftPerCoat",Constants!$A$20:$A$40,Constants!$B$20:$B$40)*F23) | J23: =IF(A23="","", IF(E23="Full", D23*XLOOKUP("PrimerFullMinsPerSqft",Constants!$A$20:$A$40,Constants!$B$20:$B$40), IF(E23="Spot", D23*XLOOKUP("PrimerFullMinsPerSqft",Constants!$A$20:$A$40,Constants!$B$20:$B$40)*XLOOKUP("PrimerSpotFactor",Constants!$A$20:$A$40,Constants!$B$20:$B$40), 0))) | K23: =IF(A23="","", SUMPRODUCT((INPUT_Openings!$A:$A=$B$4)*(INPUT_Openings!$B:$B=A23)*(INPUT_Openings!$D:$D)*INPUT_Openings!$F:$F)) | L23: =IF($A23="","",IF($D23="", "",IFERROR(CEILING( ($D23*$F23) / IFERROR(XLOOKUP(XLOOKUP('Job Control'!$B$3, INPUT_JobSettings!$A:$A, INPUT_JobSettings!$B:$B, ""), Constants!$A:$A, Constants!$D:$D, ""), ""), 0.25), ""))) | M23: =IF($A23="","",IF($E23="None",0,IF($D23="", "",IFERROR(CEILING( ($D23*IF($E23="Full",1, XLOOKUP("PrimerSpotFactor",Constants!$A$10:$A$60,Constants!$B$10:$B$60))) / IFERROR(XLOOKUP(XLOOKUP('Job Control'!$B$3, INPUT_JobSettings!$A:$A, INPUT_JobSettings!$E:$E, ""), Constants!$A:$A, Constants!$D:$D, ""), ""), 0.25), "")))) | N23: =IF($A23="","",IFERROR($L23*IFERROR(XLOOKUP(XLOOKUP('Job Control'!$B$3, INPUT_JobSettings!$A:$A, INPUT_JobSettings!$B:$B, ""), Constants!$A:$A, Constants!$C:$C, 0), 0) + $M23*IFERROR(XLOOKUP(XLOOKUP('Job Control'!$B$3, INPUT_JobSettings!$A:$A, INPUT_JobSettings!$E:$E, ""), Constants!$A:$A, Constants!$C:$C, 0), 0),0)) | O23: =IF($A23="","", SUM($H23:$K23)) | P23: =IF($A23="","", $O23/60) | Q23: =IF($A23="","", $P23*IFERROR(IF(XLOOKUP('Job Control'!$B$3, INPUT_JobSettings!$A:$A, INPUT_JobSettings!$F:$F, "")<>"", XLOOKUP('Job Control'!$B$3, INPUT_JobSettings!$A:$A, INPUT_JobSettings!$F:$F, ""), $B$6), $B$6)) | R23: =IF($A23="","", ($Q23+$N23)*IFERROR(IF(XLOOKUP('Job Control'!$B$3, INPUT_JobSettings!$A:$A, INPUT_JobSettings!$G:$G, "")<>"", XLOOKUP('Job Control'!$B$3, INPUT_JobSettings!$A:$A, INPUT_JobSettings!$G:$G, ""), $B$7), $B$7)) | S23: =IF($A23="","", XLOOKUP($A23, INPUT_Rooms!$B:$B, INPUT_Rooms!$AH:$AH, ""))
A24: =IFERROR(INDEX(FILTER(INPUT_Rooms!$B$4:$B$83, INPUT_Rooms!$A$4:$A$83=$B$4, INPUT_Rooms!$K$4:$K$83="Y"), 14), "") | B24: =IF(A24="","", XLOOKUP(A24, FILTER(INPUT_Rooms!$B$4:$B$83, INPUT_Rooms!$A$4:$A$83=$B$4), FILTER(INPUT_Rooms!$C$4:$C$83, INPUT_Rooms!$A$4:$A$83=$B$4), "")) | C24: =IF(A24="","", "Y") | D24: =IF(A24="","", XLOOKUP(A24, INPUT_Rooms!$B:$B, INPUT_Rooms!$AD:$AD, "")) | E24: =IF(A24="","", XLOOKUP(A24, INPUT_Rooms!$B:$B, INPUT_Rooms!$L:$L, "")) | F24: =IF(A24="","", XLOOKUP(A24, INPUT_Rooms!$B:$B, INPUT_Rooms!$M:$M, "")) | G24: =IF(A24="","", IF(XLOOKUP(A24, INPUT_Rooms!$B:$B, INPUT_Rooms!$N:$N, "")="", $B$5, XLOOKUP(A24, INPUT_Rooms!$B:$B, INPUT_Rooms!$N:$N, ""))) | H24: =IF(A24="","", D24*XLOOKUP("PrepMinsPerSqft",Constants!$A$20:$A$40,Constants!$B$20:$B$40)*XLOOKUP(G24,Constants!$E$10:$E$30,Constants!$F$10:$F$30)) | I24: =IF(A24="","", D24*XLOOKUP("PaintMinsPerSqftPerCoat",Constants!$A$20:$A$40,Constants!$B$20:$B$40)*F24) | J24: =IF(A24="","", IF(E24="Full", D24*XLOOKUP("PrimerFullMinsPerSqft",Constants!$A$20:$A$40,Constants!$B$20:$B$40), IF(E24="Spot", D24*XLOOKUP("PrimerFullMinsPerSqft",Constants!$A$20:$A$40,Constants!$B$20:$B$40)*XLOOKUP("PrimerSpotFactor",Constants!$A$20:$A$40,Constants!$B$20:$B$40), 0))) | K24: =IF(A24="","", SUMPRODUCT((INPUT_Openings!$A:$A=$B$4)*(INPUT_Openings!$B:$B=A24)*(INPUT_Openings!$D:$D)*INPUT_Openings!$F:$F)) | L24: =IF($A24="","",IF($D24="", "",IFERROR(CEILING( ($D24*$F24) / IFERROR(XLOOKUP(XLOOKUP('Job Control'!$B$3, INPUT_JobSettings!$A:$A, INPUT_JobSettings!$B:$B, ""), Constants!$A:$A, Constants!$D:$D, ""), ""), 0.25), ""))) | M24: =IF($A24="","",IF($E24="None",0,IF($D24="", "",IFERROR(CEILING( ($D24*IF($E24="Full",1, XLOOKUP("PrimerSpotFactor",Constants!$A$10:$A$60,Constants!$B$10:$B$60))) / IFERROR(XLOOKUP(XLOOKUP('Job Control'!$B$3, INPUT_JobSettings!$A:$A, INPUT_JobSettings!$E:$E, ""), Constants!$A:$A, Constants!$D:$D, ""), ""), 0.25), "")))) | N24: =IF($A24="","",IFERROR($L24*IFERROR(XLOOKUP(XLOOKUP('Job Control'!$B$3, INPUT_JobSettings!$A:$A, INPUT_JobSettings!$B:$B, ""), Constants!$A:$A, Constants!$C:$C, 0), 0) + $M24*IFERROR(XLOOKUP(XLOOKUP('Job Control'!$B$3, INPUT_JobSettings!$A:$A, INPUT_JobSettings!$E:$E, ""), Constants!$A:$A, Constants!$C:$C, 0), 0),0)) | O24: =IF($A24="","", SUM($H24:$K24)) | P24: =IF($A24="","", $O24/60) | Q24: =IF($A24="","", $P24*IFERROR(IF(XLOOKUP('Job Control'!$B$3, INPUT_JobSettings!$A:$A, INPUT_JobSettings!$F:$F, "")<>"", XLOOKUP('Job Control'!$B$3, INPUT_JobSettings!$A:$A, INPUT_JobSettings!$F:$F, ""), $B$6), $B$6)) | R24: =IF($A24="","", ($Q24+$N24)*IFERROR(IF(XLOOKUP('Job Control'!$B$3, INPUT_JobSettings!$A:$A, INPUT_JobSettings!$G:$G, "")<>"", XLOOKUP('Job Control'!$B$3, INPUT_JobSettings!$A:$A, INPUT_JobSettings!$G:$G, ""), $B$7), $B$7)) | S24: =IF($A24="","", XLOOKUP($A24, INPUT_Rooms!$B:$B, INPUT_Rooms!$AH:$AH, ""))
A25: =IFERROR(INDEX(FILTER(INPUT_Rooms!$B$4:$B$83, INPUT_Rooms!$A$4:$A$83=$B$4, INPUT_Rooms!$K$4:$K$83="Y"), 15), "") | B25: =IF(A25="","", XLOOKUP(A25, FILTER(INPUT_Rooms!$B$4:$B$83, INPUT_Rooms!$A$4:$A$83=$B$4), FILTER(INPUT_Rooms!$C$4:$C$83, INPUT_Rooms!$A$4:$A$83=$B$4), "")) | C25: =IF(A25="","", "Y") | D25: =IF(A25="","", XLOOKUP(A25, INPUT_Rooms!$B:$B, INPUT_Rooms!$AD:$AD, "")) | E25: =IF(A25="","", XLOOKUP(A25, INPUT_Rooms!$B:$B, INPUT_Rooms!$L:$L, "")) | F25: =IF(A25="","", XLOOKUP(A25, INPUT_Rooms!$B:$B, INPUT_Rooms!$M:$M, "")) | G25: =IF(A25="","", IF(XLOOKUP(A25, INPUT_Rooms!$B:$B, INPUT_Rooms!$N:$N, "")="", $B$5, XLOOKUP(A25, INPUT_Rooms!$B:$B, INPUT_Rooms!$N:$N, ""))) | H25: =IF(A25="","", D25*XLOOKUP("PrepMinsPerSqft",Constants!$A$20:$A$40,Constants!$B$20:$B$40)*XLOOKUP(G25,Constants!$E$10:$E$30,Constants!$F$10:$F$30)) | I25: =IF(A25="","", D25*XLOOKUP("PaintMinsPerSqftPerCoat",Constants!$A$20:$A$40,Constants!$B$20:$B$40)*F25) | J25: =IF(A25="","", IF(E25="Full", D25*XLOOKUP("PrimerFullMinsPerSqft",Constants!$A$20:$A$40,Constants!$B$20:$B$40), IF(E25="Spot", D25*XLOOKUP("PrimerFullMinsPerSqft",Constants!$A$20:$A$40,Constants!$B$20:$B$40)*XLOOKUP("PrimerSpotFactor",Constants!$A$20:$A$40,Constants!$B$20:$B$40), 0))) | K25: =IF(A25="","", SUMPRODUCT((INPUT_Openings!$A:$A=$B$4)*(INPUT_Openings!$B:$B=A25)*(INPUT_Openings!$D:$D)*INPUT_Openings!$F:$F)) | L25: =IF($A25="","",IF($D25="", "",IFERROR(CEILING( ($D25*$F25) / IFERROR(XLOOKUP(XLOOKUP('Job Control'!$B$3, INPUT_JobSettings!$A:$A, INPUT_JobSettings!$B:$B, ""), Constants!$A:$A, Constants!$D:$D, ""), ""), 0.25), ""))) | M25: =IF($A25="","",IF($E25="None",0,IF($D25="", "",IFERROR(CEILING( ($D25*IF($E25="Full",1, XLOOKUP("PrimerSpotFactor",Constants!$A$10:$A$60,Constants!$B$10:$B$60))) / IFERROR(XLOOKUP(XLOOKUP('Job Control'!$B$3, INPUT_JobSettings!$A:$A, INPUT_JobSettings!$E:$E, ""), Constants!$A:$A, Constants!$D:$D, ""), ""), 0.25), "")))) | N25: =IF($A25="","",IFERROR($L25*IFERROR(XLOOKUP(XLOOKUP('Job Control'!$B$3, INPUT_JobSettings!$A:$A, INPUT_JobSettings!$B:$B, ""), Constants!$A:$A, Constants!$C:$C, 0), 0) + $M25*IFERROR(XLOOKUP(XLOOKUP('Job Control'!$B$3, INPUT_JobSettings!$A:$A, INPUT_JobSettings!$E:$E, ""), Constants!$A:$A, Constants!$C:$C, 0), 0),0)) | O25: =IF($A25="","", SUM($H25:$K25)) | P25: =IF($A25="","", $O25/60) | Q25: =IF($A25="","", $P25*IFERROR(IF(XLOOKUP('Job Control'!$B$3, INPUT_JobSettings!$A:$A, INPUT_JobSettings!$F:$F, "")<>"", XLOOKUP('Job Control'!$B$3, INPUT_JobSettings!$A:$A, INPUT_JobSettings!$F:$F, ""), $B$6), $B$6)) | R25: =IF($A25="","", ($Q25+$N25)*IFERROR(IF(XLOOKUP('Job Control'!$B$3, INPUT_JobSettings!$A:$A, INPUT_JobSettings!$G:$G, "")<>"", XLOOKUP('Job Control'!$B$3, INPUT_JobSettings!$A:$A, INPUT_JobSettings!$G:$G, ""), $B$7), $B$7)) | S25: =IF($A25="","", XLOOKUP($A25, INPUT_Rooms!$B:$B, INPUT_Rooms!$AH:$AH, ""))
A26: =IFERROR(INDEX(FILTER(INPUT_Rooms!$B$4:$B$83, INPUT_Rooms!$A$4:$A$83=$B$4, INPUT_Rooms!$K$4:$K$83="Y"), 16), "") | B26: =IF(A26="","", XLOOKUP(A26, FILTER(INPUT_Rooms!$B$4:$B$83, INPUT_Rooms!$A$4:$A$83=$B$4), FILTER(INPUT_Rooms!$C$4:$C$83, INPUT_Rooms!$A$4:$A$83=$B$4), "")) | C26: =IF(A26="","", "Y") | D26: =IF(A26="","", XLOOKUP(A26, INPUT_Rooms!$B:$B, INPUT_Rooms!$AD:$AD, "")) | E26: =IF(A26="","", XLOOKUP(A26, INPUT_Rooms!$B:$B, INPUT_Rooms!$L:$L, "")) | F26: =IF(A26="","", XLOOKUP(A26, INPUT_Rooms!$B:$B, INPUT_Rooms!$M:$M, "")) | G26: =IF(A26="","", IF(XLOOKUP(A26, INPUT_Rooms!$B:$B, INPUT_Rooms!$N:$N, "")="", $B$5, XLOOKUP(A26, INPUT_Rooms!$B:$B, INPUT_Rooms!$N:$N, ""))) | H26: =IF(A26="","", D26*XLOOKUP("PrepMinsPerSqft",Constants!$A$20:$A$40,Constants!$B$20:$B$40)*XLOOKUP(G26,Constants!$E$10:$E$30,Constants!$F$10:$F$30)) | I26: =IF(A26="","", D26*XLOOKUP("PaintMinsPerSqftPerCoat",Constants!$A$20:$A$40,Constants!$B$20:$B$40)*F26) | J26: =IF(A26="","", IF(E26="Full", D26*XLOOKUP("PrimerFullMinsPerSqft",Constants!$A$20:$A$40,Constants!$B$20:$B$40), IF(E26="Spot", D26*XLOOKUP("PrimerFullMinsPerSqft",Constants!$A$20:$A$40,Constants!$B$20:$B$40)*XLOOKUP("PrimerSpotFactor",Constants!$A$20:$A$40,Constants!$B$20:$B$40), 0))) | K26: =IF(A26="","", SUMPRODUCT((INPUT_Openings!$A:$A=$B$4)*(INPUT_Openings!$B:$B=A26)*(INPUT_Openings!$D:$D)*INPUT_Openings!$F:$F)) | L26: =IF($A26="","",IF($D26="", "",IFERROR(CEILING( ($D26*$F26) / IFERROR(XLOOKUP(XLOOKUP('Job Control'!$B$3, INPUT_JobSettings!$A:$A, INPUT_JobSettings!$B:$B, ""), Constants!$A:$A, Constants!$D:$D, ""), ""), 0.25), ""))) | M26: =IF($A26="","",IF($E26="None",0,IF($D26="", "",IFERROR(CEILING( ($D26*IF($E26="Full",1, XLOOKUP("PrimerSpotFactor",Constants!$A$10:$A$60,Constants!$B$10:$B$60))) / IFERROR(XLOOKUP(XLOOKUP('Job Control'!$B$3, INPUT_JobSettings!$A:$A, INPUT_JobSettings!$E:$E, ""), Constants!$A:$A, Constants!$D:$D, ""), ""), 0.25), "")))) | N26: =IF($A26="","",IFERROR($L26*IFERROR(XLOOKUP(XLOOKUP('Job Control'!$B$3, INPUT_JobSettings!$A:$A, INPUT_JobSettings!$B:$B, ""), Constants!$A:$A, Constants!$C:$C, 0), 0) + $M26*IFERROR(XLOOKUP(XLOOKUP('Job Control'!$B$3, INPUT_JobSettings!$A:$A, INPUT_JobSettings!$E:$E, ""), Constants!$A:$A, Constants!$C:$C, 0), 0),0)) | O26: =IF($A26="","", SUM($H26:$K26)) | P26: =IF($A26="","", $O26/60) | Q26: =IF($A26="","", $P26*IFERROR(IF(XLOOKUP('Job Control'!$B$3, INPUT_JobSettings!$A:$A, INPUT_JobSettings!$F:$F, "")<>"", XLOOKUP('Job Control'!$B$3, INPUT_JobSettings!$A:$A, INPUT_JobSettings!$F:$F, ""), $B$6), $B$6)) | R26: =IF($A26="","", ($Q26+$N26)*IFERROR(IF(XLOOKUP('Job Control'!$B$3, INPUT_JobSettings!$A:$A, INPUT_JobSettings!$G:$G, "")<>"", XLOOKUP('Job Control'!$B$3, INPUT_JobSettings!$A:$A, INPUT_JobSettings!$G:$G, ""), $B$7), $B$7)) | S26: =IF($A26="","", XLOOKUP($A26, INPUT_Rooms!$B:$B, INPUT_Rooms!$AH:$AH, ""))
A27: =IFERROR(INDEX(FILTER(INPUT_Rooms!$B$4:$B$83, INPUT_Rooms!$A$4:$A$83=$B$4, INPUT_Rooms!$K$4:$K$83="Y"), 17), "") | B27: =IF(A27="","", XLOOKUP(A27, FILTER(INPUT_Rooms!$B$4:$B$83, INPUT_Rooms!$A$4:$A$83=$B$4), FILTER(INPUT_Rooms!$C$4:$C$83, INPUT_Rooms!$A$4:$A$83=$B$4), "")) | C27: =IF(A27="","", "Y") | D27: =IF(A27="","", XLOOKUP(A27, INPUT_Rooms!$B:$B, INPUT_Rooms!$AD:$AD, "")) | E27: =IF(A27="","", XLOOKUP(A27, INPUT_Rooms!$B:$B, INPUT_Rooms!$L:$L, "")) | F27: =IF(A27="","", XLOOKUP(A27, INPUT_Rooms!$B:$B, INPUT_Rooms!$M:$M, "")) | G27: =IF(A27="","", IF(XLOOKUP(A27, INPUT_Rooms!$B:$B, INPUT_Rooms!$N:$N, "")="", $B$5, XLOOKUP(A27, INPUT_Rooms!$B:$B, INPUT_Rooms!$N:$N, ""))) | H27: =IF(A27="","", D27*XLOOKUP("PrepMinsPerSqft",Constants!$A$20:$A$40,Constants!$B$20:$B$40)*XLOOKUP(G27,Constants!$E$10:$E$30,Constants!$F$10:$F$30)) | I27: =IF(A27="","", D27*XLOOKUP("PaintMinsPerSqftPerCoat",Constants!$A$20:$A$40,Constants!$B$20:$B$40)*F27) | J27: =IF(A27="","", IF(E27="Full", D27*XLOOKUP("PrimerFullMinsPerSqft",Constants!$A$20:$A$40,Constants!$B$20:$B$40), IF(E27="Spot", D27*XLOOKUP("PrimerFullMinsPerSqft",Constants!$A$20:$A$40,Constants!$B$20:$B$40)*XLOOKUP("PrimerSpotFactor",Constants!$A$20:$A$40,Constants!$B$20:$B$40), 0))) | K27: =IF(A27="","", SUMPRODUCT((INPUT_Openings!$A:$A=$B$4)*(INPUT_Openings!$B:$B=A27)*(INPUT_Openings!$D:$D)*INPUT_Openings!$F:$F)) | L27: =IF($A27="","",IF($D27="", "",IFERROR(CEILING( ($D27*$F27) / IFERROR(XLOOKUP(XLOOKUP('Job Control'!$B$3, INPUT_JobSettings!$A:$A, INPUT_JobSettings!$B:$B, ""), Constants!$A:$A, Constants!$D:$D, ""), ""), 0.25), ""))) | M27: =IF($A27="","",IF($E27="None",0,IF($D27="", "",IFERROR(CEILING( ($D27*IF($E27="Full",1, XLOOKUP("PrimerSpotFactor",Constants!$A$10:$A$60,Constants!$B$10:$B$60))) / IFERROR(XLOOKUP(XLOOKUP('Job Control'!$B$3, INPUT_JobSettings!$A:$A, INPUT_JobSettings!$E:$E, ""), Constants!$A:$A, Constants!$D:$D, ""), ""), 0.25), "")))) | N27: =IF($A27="","",IFERROR($L27*IFERROR(XLOOKUP(XLOOKUP('Job Control'!$B$3, INPUT_JobSettings!$A:$A, INPUT_JobSettings!$B:$B, ""), Constants!$A:$A, Constants!$C:$C, 0), 0) + $M27*IFERROR(XLOOKUP(XLOOKUP('Job Control'!$B$3, INPUT_JobSettings!$A:$A, INPUT_JobSettings!$E:$E, ""), Constants!$A:$A, Constants!$C:$C, 0), 0),0)) | O27: =IF($A27="","", SUM($H27:$K27)) | P27: =IF($A27="","", $O27/60) | Q27: =IF($A27="","", $P27*IFERROR(IF(XLOOKUP('Job Control'!$B$3, INPUT_JobSettings!$A:$A, INPUT_JobSettings!$F:$F, "")<>"", XLOOKUP('Job Control'!$B$3, INPUT_JobSettings!$A:$A, INPUT_JobSettings!$F:$F, ""), $B$6), $B$6)) | R27: =IF($A27="","", ($Q27+$N27)*IFERROR(IF(XLOOKUP('Job Control'!$B$3, INPUT_JobSettings!$A:$A, INPUT_JobSettings!$G:$G, "")<>"", XLOOKUP('Job Control'!$B$3, INPUT_JobSettings!$A:$A, INPUT_JobSettings!$G:$G, ""), $B$7), $B$7)) | S27: =IF($A27="","", XLOOKUP($A27, INPUT_Rooms!$B:$B, INPUT_Rooms!$AH:$AH, ""))
A28: =IFERROR(INDEX(FILTER(INPUT_Rooms!$B$4:$B$83, INPUT_Rooms!$A$4:$A$83=$B$4, INPUT_Rooms!$K$4:$K$83="Y"), 18), "") | B28: =IF(A28="","", XLOOKUP(A28, FILTER(INPUT_Rooms!$B$4:$B$83, INPUT_Rooms!$A$4:$A$83=$B$4), FILTER(INPUT_Rooms!$C$4:$C$83, INPUT_Rooms!$A$4:$A$83=$B$4), "")) | C28: =IF(A28="","", "Y") | D28: =IF(A28="","", XLOOKUP(A28, INPUT_Rooms!$B:$B, INPUT_Rooms!$AD:$AD, "")) | E28: =IF(A28="","", XLOOKUP(A28, INPUT_Rooms!$B:$B, INPUT_Rooms!$L:$L, "")) | F28: =IF(A28="","", XLOOKUP(A28, INPUT_Rooms!$B:$B, INPUT_Rooms!$M:$M, "")) | G28: =IF(A28="","", IF(XLOOKUP(A28, INPUT_Rooms!$B:$B, INPUT_Rooms!$N:$N, "")="", $B$5, XLOOKUP(A28, INPUT_Rooms!$B:$B, INPUT_Rooms!$N:$N, ""))) | H28: =IF(A28="","", D28*XLOOKUP("PrepMinsPerSqft",Constants!$A$20:$A$40,Constants!$B$20:$B$40)*XLOOKUP(G28,Constants!$E$10:$E$30,Constants!$F$10:$F$30)) | I28: =IF(A28="","", D28*XLOOKUP("PaintMinsPerSqftPerCoat",Constants!$A$20:$A$40,Constants!$B$20:$B$40)*F28) | J28: =IF(A28="","", IF(E28="Full", D28*XLOOKUP("PrimerFullMinsPerSqft",Constants!$A$20:$A$40,Constants!$B$20:$B$40), IF(E28="Spot", D28*XLOOKUP("PrimerFullMinsPerSqft",Constants!$A$20:$A$40,Constants!$B$20:$B$40)*XLOOKUP("PrimerSpotFactor",Constants!$A$20:$A$40,Constants!$B$20:$B$40), 0))) | K28: =IF(A28="","", SUMPRODUCT((INPUT_Openings!$A:$A=$B$4)*(INPUT_Openings!$B:$B=A28)*(INPUT_Openings!$D:$D)*INPUT_Openings!$F:$F)) | L28: =IF($A28="","",IF($D28="", "",IFERROR(CEILING( ($D28*$F28) / IFERROR(XLOOKUP(XLOOKUP('Job Control'!$B$3, INPUT_JobSettings!$A:$A, INPUT_JobSettings!$B:$B, ""), Constants!$A:$A, Constants!$D:$D, ""), ""), 0.25), ""))) | M28: =IF($A28="","",IF($E28="None",0,IF($D28="", "",IFERROR(CEILING( ($D28*IF($E28="Full",1, XLOOKUP("PrimerSpotFactor",Constants!$A$10:$A$60,Constants!$B$10:$B$60))) / IFERROR(XLOOKUP(XLOOKUP('Job Control'!$B$3, INPUT_JobSettings!$A:$A, INPUT_JobSettings!$E:$E, ""), Constants!$A:$A, Constants!$D:$D, ""), ""), 0.25), "")))) | N28: =IF($A28="","",IFERROR($L28*IFERROR(XLOOKUP(XLOOKUP('Job Control'!$B$3, INPUT_JobSettings!$A:$A, INPUT_JobSettings!$B:$B, ""), Constants!$A:$A, Constants!$C:$C, 0), 0) + $M28*IFERROR(XLOOKUP(XLOOKUP('Job Control'!$B$3, INPUT_JobSettings!$A:$A, INPUT_JobSettings!$E:$E, ""), Constants!$A:$A, Constants!$C:$C, 0), 0),0)) | O28: =IF($A28="","", SUM($H28:$K28)) | P28: =IF($A28="","", $O28/60) | Q28: =IF($A28="","", $P28*IFERROR(IF(XLOOKUP('Job Control'!$B$3, INPUT_JobSettings!$A:$A, INPUT_JobSettings!$F:$F, "")<>"", XLOOKUP('Job Control'!$B$3, INPUT_JobSettings!$A:$A, INPUT_JobSettings!$F:$F, ""), $B$6), $B$6)) | R28: =IF($A28="","", ($Q28+$N28)*IFERROR(IF(XLOOKUP('Job Control'!$B$3, INPUT_JobSettings!$A:$A, INPUT_JobSettings!$G:$G, "")<>"", XLOOKUP('Job Control'!$B$3, INPUT_JobSettings!$A:$A, INPUT_JobSettings!$G:$G, ""), $B$7), $B$7)) | S28: =IF($A28="","", XLOOKUP($A28, INPUT_Rooms!$B:$B, INPUT_Rooms!$AH:$AH, ""))
A29: =IFERROR(INDEX(FILTER(INPUT_Rooms!$B$4:$B$83, INPUT_Rooms!$A$4:$A$83=$B$4, INPUT_Rooms!$K$4:$K$83="Y"), 19), "") | B29: =IF(A29="","", XLOOKUP(A29, FILTER(INPUT_Rooms!$B$4:$B$83, INPUT_Rooms!$A$4:$A$83=$B$4), FILTER(INPUT_Rooms!$C$4:$C$83, INPUT_Rooms!$A$4:$A$83=$B$4), "")) | C29: =IF(A29="","", "Y") | D29: =IF(A29="","", XLOOKUP(A29, INPUT_Rooms!$B:$B, INPUT_Rooms!$AD:$AD, "")) | E29: =IF(A29="","", XLOOKUP(A29, INPUT_Rooms!$B:$B, INPUT_Rooms!$L:$L, "")) | F29: =IF(A29="","", XLOOKUP(A29, INPUT_Rooms!$B:$B, INPUT_Rooms!$M:$M, "")) | G29: =IF(A29="","", IF(XLOOKUP(A29, INPUT_Rooms!$B:$B, INPUT_Rooms!$N:$N, "")="", $B$5, XLOOKUP(A29, INPUT_Rooms!$B:$B, INPUT_Rooms!$N:$N, ""))) | H29: =IF(A29="","", D29*XLOOKUP("PrepMinsPerSqft",Constants!$A$20:$A$40,Constants!$B$20:$B$40)*XLOOKUP(G29,Constants!$E$10:$E$30,Constants!$F$10:$F$30)) | I29: =IF(A29="","", D29*XLOOKUP("PaintMinsPerSqftPerCoat",Constants!$A$20:$A$40,Constants!$B$20:$B$40)*F29) | J29: =IF(A29="","", IF(E29="Full", D29*XLOOKUP("PrimerFullMinsPerSqft",Constants!$A$20:$A$40,Constants!$B$20:$B$40), IF(E29="Spot", D29*XLOOKUP("PrimerFullMinsPerSqft",Constants!$A$20:$A$40,Constants!$B$20:$B$40)*XLOOKUP("PrimerSpotFactor",Constants!$A$20:$A$40,Constants!$B$20:$B$40), 0))) | K29: =IF(A29="","", SUMPRODUCT((INPUT_Openings!$A:$A=$B$4)*(INPUT_Openings!$B:$B=A29)*(INPUT_Openings!$D:$D)*INPUT_Openings!$F:$F)) | L29: =IF($A29="","",IF($D29="", "",IFERROR(CEILING( ($D29*$F29) / IFERROR(XLOOKUP(XLOOKUP('Job Control'!$B$3, INPUT_JobSettings!$A:$A, INPUT_JobSettings!$B:$B, ""), Constants!$A:$A, Constants!$D:$D, ""), ""), 0.25), ""))) | M29: =IF($A29="","",IF($E29="None",0,IF($D29="", "",IFERROR(CEILING( ($D29*IF($E29="Full",1, XLOOKUP("PrimerSpotFactor",Constants!$A$10:$A$60,Constants!$B$10:$B$60))) / IFERROR(XLOOKUP(XLOOKUP('Job Control'!$B$3, INPUT_JobSettings!$A:$A, INPUT_JobSettings!$E:$E, ""), Constants!$A:$A, Constants!$D:$D, ""), ""), 0.25), "")))) | N29: =IF($A29="","",IFERROR($L29*IFERROR(XLOOKUP(XLOOKUP('Job Control'!$B$3, INPUT_JobSettings!$A:$A, INPUT_JobSettings!$B:$B, ""), Constants!$A:$A, Constants!$C:$C, 0), 0) + $M29*IFERROR(XLOOKUP(XLOOKUP('Job Control'!$B$3, INPUT_JobSettings!$A:$A, INPUT_JobSettings!$E:$E, ""), Constants!$A:$A, Constants!$C:$C, 0), 0),0)) | O29: =IF($A29="","", SUM($H29:$K29)) | P29: =IF($A29="","", $O29/60) | Q29: =IF($A29="","", $P29*IFERROR(IF(XLOOKUP('Job Control'!$B$3, INPUT_JobSettings!$A:$A, INPUT_JobSettings!$F:$F, "")<>"", XLOOKUP('Job Control'!$B$3, INPUT_JobSettings!$A:$A, INPUT_JobSettings!$F:$F, ""), $B$6), $B$6)) | R29: =IF($A29="","", ($Q29+$N29)*IFERROR(IF(XLOOKUP('Job Control'!$B$3, INPUT_JobSettings!$A:$A, INPUT_JobSettings!$G:$G, "")<>"", XLOOKUP('Job Control'!$B$3, INPUT_JobSettings!$A:$A, INPUT_JobSettings!$G:$G, ""), $B$7), $B$7)) | S29: =IF($A29="","", XLOOKUP($A29, INPUT_Rooms!$B:$B, INPUT_Rooms!$AH:$AH, ""))
A30: =IFERROR(INDEX(FILTER(INPUT_Rooms!$B$4:$B$83, INPUT_Rooms!$A$4:$A$83=$B$4, INPUT_Rooms!$K$4:$K$83="Y"), 20), "") | B30: =IF(A30="","", XLOOKUP(A30, FILTER(INPUT_Rooms!$B$4:$B$83, INPUT_Rooms!$A$4:$A$83=$B$4), FILTER(INPUT_Rooms!$C$4:$C$83, INPUT_Rooms!$A$4:$A$83=$B$4), "")) | C30: =IF(A30="","", "Y") | D30: =IF(A30="","", XLOOKUP(A30, INPUT_Rooms!$B:$B, INPUT_Rooms!$AD:$AD, "")) | E30: =IF(A30="","", XLOOKUP(A30, INPUT_Rooms!$B:$B, INPUT_Rooms!$L:$L, "")) | F30: =IF(A30="","", XLOOKUP(A30, INPUT_Rooms!$B:$B, INPUT_Rooms!$M:$M, "")) | G30: =IF(A30="","", IF(XLOOKUP(A30, INPUT_Rooms!$B:$B, INPUT_Rooms!$N:$N, "")="", $B$5, XLOOKUP(A30, INPUT_Rooms!$B:$B, INPUT_Rooms!$N:$N, ""))) | H30: =IF(A30="","", D30*XLOOKUP("PrepMinsPerSqft",Constants!$A$20:$A$40,Constants!$B$20:$B$40)*XLOOKUP(G30,Constants!$E$10:$E$30,Constants!$F$10:$F$30)) | I30: =IF(A30="","", D30*XLOOKUP("PaintMinsPerSqftPerCoat",Constants!$A$20:$A$40,Constants!$B$20:$B$40)*F30) | J30: =IF(A30="","", IF(E30="Full", D30*XLOOKUP("PrimerFullMinsPerSqft",Constants!$A$20:$A$40,Constants!$B$20:$B$40), IF(E30="Spot", D30*XLOOKUP("PrimerFullMinsPerSqft",Constants!$A$20:$A$40,Constants!$B$20:$B$40)*XLOOKUP("PrimerSpotFactor",Constants!$A$20:$A$40,Constants!$B$20:$B$40), 0))) | K30: =IF(A30="","", SUMPRODUCT((INPUT_Openings!$A:$A=$B$4)*(INPUT_Openings!$B:$B=A30)*(INPUT_Openings!$D:$D)*INPUT_Openings!$F:$F)) | L30: =IF($A30="","",IF($D30="", "",IFERROR(CEILING( ($D30*$F30) / IFERROR(XLOOKUP(XLOOKUP('Job Control'!$B$3, INPUT_JobSettings!$A:$A, INPUT_JobSettings!$B:$B, ""), Constants!$A:$A, Constants!$D:$D, ""), ""), 0.25), ""))) | M30: =IF($A30="","",IF($E30="None",0,IF($D30="", "",IFERROR(CEILING( ($D30*IF($E30="Full",1, XLOOKUP("PrimerSpotFactor",Constants!$A$10:$A$60,Constants!$B$10:$B$60))) / IFERROR(XLOOKUP(XLOOKUP('Job Control'!$B$3, INPUT_JobSettings!$A:$A, INPUT_JobSettings!$E:$E, ""), Constants!$A:$A, Constants!$D:$D, ""), ""), 0.25), "")))) | N30: =IF($A30="","",IFERROR($L30*IFERROR(XLOOKUP(XLOOKUP('Job Control'!$B$3, INPUT_JobSettings!$A:$A, INPUT_JobSettings!$B:$B, ""), Constants!$A:$A, Constants!$C:$C, 0), 0) + $M30*IFERROR(XLOOKUP(XLOOKUP('Job Control'!$B$3, INPUT_JobSettings!$A:$A, INPUT_JobSettings!$E:$E, ""), Constants!$A:$A, Constants!$C:$C, 0), 0),0)) | O30: =IF($A30="","", SUM($H30:$K30)) | P30: =IF($A30="","", $O30/60) | Q30: =IF($A30="","", $P30*IFERROR(IF(XLOOKUP('Job Control'!$B$3, INPUT_JobSettings!$A:$A, INPUT_JobSettings!$F:$F, "")<>"", XLOOKUP('Job Control'!$B$3, INPUT_JobSettings!$A:$A, INPUT_JobSettings!$F:$F, ""), $B$6), $B$6)) | R30: =IF($A30="","", ($Q30+$N30)*IFERROR(IF(XLOOKUP('Job Control'!$B$3, INPUT_JobSettings!$A:$A, INPUT_JobSettings!$G:$G, "")<>"", XLOOKUP('Job Control'!$B$3, INPUT_JobSettings!$A:$A, INPUT_JobSettings!$G:$G, ""), $B$7), $B$7)) | S30: =IF($A30="","", XLOOKUP($A30, INPUT_Rooms!$B:$B, INPUT_Rooms!$AH:$AH, ""))
A31: =IFERROR(INDEX(FILTER(INPUT_Rooms!$B$4:$B$83, INPUT_Rooms!$A$4:$A$83=$B$4, INPUT_Rooms!$K$4:$K$83="Y"), 21), "") | B31: =IF(A31="","", XLOOKUP(A31, FILTER(INPUT_Rooms!$B$4:$B$83, INPUT_Rooms!$A$4:$A$83=$B$4), FILTER(INPUT_Rooms!$C$4:$C$83, INPUT_Rooms!$A$4:$A$83=$B$4), "")) | C31: =IF(A31="","", "Y") | D31: =IF(A31="","", XLOOKUP(A31, INPUT_Rooms!$B:$B, INPUT_Rooms!$AD:$AD, "")) | E31: =IF(A31="","", XLOOKUP(A31, INPUT_Rooms!$B:$B, INPUT_Rooms!$L:$L, "")) | F31: =IF(A31="","", XLOOKUP(A31, INPUT_Rooms!$B:$B, INPUT_Rooms!$M:$M, "")) | G31: =IF(A31="","", IF(XLOOKUP(A31, INPUT_Rooms!$B:$B, INPUT_Rooms!$N:$N, "")="", $B$5, XLOOKUP(A31, INPUT_Rooms!$B:$B, INPUT_Rooms!$N:$N, ""))) | H31: =IF(A31="","", D31*XLOOKUP("PrepMinsPerSqft",Constants!$A$20:$A$40,Constants!$B$20:$B$40)*XLOOKUP(G31,Constants!$E$10:$E$30,Constants!$F$10:$F$30)) | I31: =IF(A31="","", D31*XLOOKUP("PaintMinsPerSqftPerCoat",Constants!$A$20:$A$40,Constants!$B$20:$B$40)*F31) | J31: =IF(A31="","", IF(E31="Full", D31*XLOOKUP("PrimerFullMinsPerSqft",Constants!$A$20:$A$40,Constants!$B$20:$B$40), IF(E31="Spot", D31*XLOOKUP("PrimerFullMinsPerSqft",Constants!$A$20:$A$40,Constants!$B$20:$B$40)*XLOOKUP("PrimerSpotFactor",Constants!$A$20:$A$40,Constants!$B$20:$B$40), 0))) | K31: =IF(A31="","", SUMPRODUCT((INPUT_Openings!$A:$A=$B$4)*(INPUT_Openings!$B:$B=A31)*(INPUT_Openings!$D:$D)*INPUT_Openings!$F:$F)) | L31: =IF($A31="","",IF($D31="", "",IFERROR(CEILING( ($D31*$F31) / IFERROR(XLOOKUP(XLOOKUP('Job Control'!$B$3, INPUT_JobSettings!$A:$A, INPUT_JobSettings!$B:$B, ""), Constants!$A:$A, Constants!$D:$D, ""), ""), 0.25), ""))) | M31: =IF($A31="","",IF($E31="None",0,IF($D31="", "",IFERROR(CEILING( ($D31*IF($E31="Full",1, XLOOKUP("PrimerSpotFactor",Constants!$A$10:$A$60,Constants!$B$10:$B$60))) / IFERROR(XLOOKUP(XLOOKUP('Job Control'!$B$3, INPUT_JobSettings!$A:$A, INPUT_JobSettings!$E:$E, ""), Constants!$A:$A, Constants!$D:$D, ""), ""), 0.25), "")))) | N31: =IF($A31="","",IFERROR($L31*IFERROR(XLOOKUP(XLOOKUP('Job Control'!$B$3, INPUT_JobSettings!$A:$A, INPUT_JobSettings!$B:$B, ""), Constants!$A:$A, Constants!$C:$C, 0), 0) + $M31*IFERROR(XLOOKUP(XLOOKUP('Job Control'!$B$3, INPUT_JobSettings!$A:$A, INPUT_JobSettings!$E:$E, ""), Constants!$A:$A, Constants!$C:$C, 0), 0),0)) | O31: =IF($A31="","", SUM($H31:$K31)) | P31: =IF($A31="","", $O31/60) | Q31: =IF($A31="","", $P31*IFERROR(IF(XLOOKUP('Job Control'!$B$3, INPUT_JobSettings!$A:$A, INPUT_JobSettings!$F:$F, "")<>"", XLOOKUP('Job Control'!$B$3, INPUT_JobSettings!$A:$A, INPUT_JobSettings!$F:$F, ""), $B$6), $B$6)) | R31: =IF($A31="","", ($Q31+$N31)*IFERROR(IF(XLOOKUP('Job Control'!$B$3, INPUT_JobSettings!$A:$A, INPUT_JobSettings!$G:$G, "")<>"", XLOOKUP('Job Control'!$B$3, INPUT_JobSettings!$A:$A, INPUT_JobSettings!$G:$G, ""), $B$7), $B$7)) | S31: =IF($A31="","", XLOOKUP($A31, INPUT_Rooms!$B:$B, INPUT_Rooms!$AH:$AH, ""))
A32: =IFERROR(INDEX(FILTER(INPUT_Rooms!$B$4:$B$83, INPUT_Rooms!$A$4:$A$83=$B$4, INPUT_Rooms!$K$4:$K$83="Y"), 22), "") | B32: =IF(A32="","", XLOOKUP(A32, FILTER(INPUT_Rooms!$B$4:$B$83, INPUT_Rooms!$A$4:$A$83=$B$4), FILTER(INPUT_Rooms!$C$4:$C$83, INPUT_Rooms!$A$4:$A$83=$B$4), "")) | C32: =IF(A32="","", "Y") | D32: =IF(A32="","", XLOOKUP(A32, INPUT_Rooms!$B:$B, INPUT_Rooms!$AD:$AD, "")) | E32: =IF(A32="","", XLOOKUP(A32, INPUT_Rooms!$B:$B, INPUT_Rooms!$L:$L, "")) | F32: =IF(A32="","", XLOOKUP(A32, INPUT_Rooms!$B:$B, INPUT_Rooms!$M:$M, "")) | G32: =IF(A32="","", IF(XLOOKUP(A32, INPUT_Rooms!$B:$B, INPUT_Rooms!$N:$N, "")="", $B$5, XLOOKUP(A32, INPUT_Rooms!$B:$B, INPUT_Rooms!$N:$N, ""))) | H32: =IF(A32="","", D32*XLOOKUP("PrepMinsPerSqft",Constants!$A$20:$A$40,Constants!$B$20:$B$40)*XLOOKUP(G32,Constants!$E$10:$E$30,Constants!$F$10:$F$30)) | I32: =IF(A32="","", D32*XLOOKUP("PaintMinsPerSqftPerCoat",Constants!$A$20:$A$40,Constants!$B$20:$B$40)*F32) | J32: =IF(A32="","", IF(E32="Full", D32*XLOOKUP("PrimerFullMinsPerSqft",Constants!$A$20:$A$40,Constants!$B$20:$B$40), IF(E32="Spot", D32*XLOOKUP("PrimerFullMinsPerSqft",Constants!$A$20:$A$40,Constants!$B$20:$B$40)*XLOOKUP("PrimerSpotFactor",Constants!$A$20:$A$40,Constants!$B$20:$B$40), 0))) | K32: =IF(A32="","", SUMPRODUCT((INPUT_Openings!$A:$A=$B$4)*(INPUT_Openings!$B:$B=A32)*(INPUT_Openings!$D:$D)*INPUT_Openings!$F:$F)) | L32: =IF($A32="","",IF($D32="", "",IFERROR(CEILING( ($D32*$F32) / IFERROR(XLOOKUP(XLOOKUP('Job Control'!$B$3, INPUT_JobSettings!$A:$A, INPUT_JobSettings!$B:$B, ""), Constants!$A:$A, Constants!$D:$D, ""), ""), 0.25), ""))) | M32: =IF($A32="","",IF($E32="None",0,IF($D32="", "",IFERROR(CEILING( ($D32*IF($E32="Full",1, XLOOKUP("PrimerSpotFactor",Constants!$A$10:$A$60,Constants!$B$10:$B$60))) / IFERROR(XLOOKUP(XLOOKUP('Job Control'!$B$3, INPUT_JobSettings!$A:$A, INPUT_JobSettings!$E:$E, ""), Constants!$A:$A, Constants!$D:$D, ""), ""), 0.25), "")))) | N32: =IF($A32="","",IFERROR($L32*IFERROR(XLOOKUP(XLOOKUP('Job Control'!$B$3, INPUT_JobSettings!$A:$A, INPUT_JobSettings!$B:$B, ""), Constants!$A:$A, Constants!$C:$C, 0), 0) + $M32*IFERROR(XLOOKUP(XLOOKUP('Job Control'!$B$3, INPUT_JobSettings!$A:$A, INPUT_JobSettings!$E:$E, ""), Constants!$A:$A, Constants!$C:$C, 0), 0),0)) | O32: =IF($A32="","", SUM($H32:$K32)) | P32: =IF($A32="","", $O32/60) | Q32: =IF($A32="","", $P32*IFERROR(IF(XLOOKUP('Job Control'!$B$3, INPUT_JobSettings!$A:$A, INPUT_JobSettings!$F:$F, "")<>"", XLOOKUP('Job Control'!$B$3, INPUT_JobSettings!$A:$A, INPUT_JobSettings!$F:$F, ""), $B$6), $B$6)) | R32: =IF($A32="","", ($Q32+$N32)*IFERROR(IF(XLOOKUP('Job Control'!$B$3, INPUT_JobSettings!$A:$A, INPUT_JobSettings!$G:$G, "")<>"", XLOOKUP('Job Control'!$B$3, INPUT_JobSettings!$A:$A, INPUT_JobSettings!$G:$G, ""), $B$7), $B$7)) | S32: =IF($A32="","", XLOOKUP($A32, INPUT_Rooms!$B:$B, INPUT_Rooms!$AH:$AH, ""))
A33: =IFERROR(INDEX(FILTER(INPUT_Rooms!$B$4:$B$83, INPUT_Rooms!$A$4:$A$83=$B$4, INPUT_Rooms!$K$4:$K$83="Y"), 23), "") | B33: =IF(A33="","", XLOOKUP(A33, FILTER(INPUT_Rooms!$B$4:$B$83, INPUT_Rooms!$A$4:$A$83=$B$4), FILTER(INPUT_Rooms!$C$4:$C$83, INPUT_Rooms!$A$4:$A$83=$B$4), "")) | C33: =IF(A33="","", "Y") | D33: =IF(A33="","", XLOOKUP(A33, INPUT_Rooms!$B:$B, INPUT_Rooms!$AD:$AD, "")) | E33: =IF(A33="","", XLOOKUP(A33, INPUT_Rooms!$B:$B, INPUT_Rooms!$L:$L, "")) | F33: =IF(A33="","", XLOOKUP(A33, INPUT_Rooms!$B:$B, INPUT_Rooms!$M:$M, "")) | G33: =IF(A33="","", IF(XLOOKUP(A33, INPUT_Rooms!$B:$B, INPUT_Rooms!$N:$N, "")="", $B$5, XLOOKUP(A33, INPUT_Rooms!$B:$B, INPUT_Rooms!$N:$N, ""))) | H33: =IF(A33="","", D33*XLOOKUP("PrepMinsPerSqft",Constants!$A$20:$A$40,Constants!$B$20:$B$40)*XLOOKUP(G33,Constants!$E$10:$E$30,Constants!$F$10:$F$30)) | I33: =IF(A33="","", D33*XLOOKUP("PaintMinsPerSqftPerCoat",Constants!$A$20:$A$40,Constants!$B$20:$B$40)*F33) | J33: =IF(A33="","", IF(E33="Full", D33*XLOOKUP("PrimerFullMinsPerSqft",Constants!$A$20:$A$40,Constants!$B$20:$B$40), IF(E33="Spot", D33*XLOOKUP("PrimerFullMinsPerSqft",Constants!$A$20:$A$40,Constants!$B$20:$B$40)*XLOOKUP("PrimerSpotFactor",Constants!$A$20:$A$40,Constants!$B$20:$B$40), 0))) | K33: =IF(A33="","", SUMPRODUCT((INPUT_Openings!$A:$A=$B$4)*(INPUT_Openings!$B:$B=A33)*(INPUT_Openings!$D:$D)*INPUT_Openings!$F:$F)) | L33: =IF($A33="","",IF($D33="", "",IFERROR(CEILING( ($D33*$F33) / IFERROR(XLOOKUP(XLOOKUP('Job Control'!$B$3, INPUT_JobSettings!$A:$A, INPUT_JobSettings!$B:$B, ""), Constants!$A:$A, Constants!$D:$D, ""), ""), 0.25), ""))) | M33: =IF($A33="","",IF($E33="None",0,IF($D33="", "",IFERROR(CEILING( ($D33*IF($E33="Full",1, XLOOKUP("PrimerSpotFactor",Constants!$A$10:$A$60,Constants!$B$10:$B$60))) / IFERROR(XLOOKUP(XLOOKUP('Job Control'!$B$3, INPUT_JobSettings!$A:$A, INPUT_JobSettings!$E:$E, ""), Constants!$A:$A, Constants!$D:$D, ""), ""), 0.25), "")))) | N33: =IF($A33="","",IFERROR($L33*IFERROR(XLOOKUP(XLOOKUP('Job Control'!$B$3, INPUT_JobSettings!$A:$A, INPUT_JobSettings!$B:$B, ""), Constants!$A:$A, Constants!$C:$C, 0), 0) + $M33*IFERROR(XLOOKUP(XLOOKUP('Job Control'!$B$3, INPUT_JobSettings!$A:$A, INPUT_JobSettings!$E:$E, ""), Constants!$A:$A, Constants!$C:$C, 0), 0),0)) | O33: =IF($A33="","", SUM($H33:$K33)) | P33: =IF($A33="","", $O33/60) | Q33: =IF($A33="","", $P33*IFERROR(IF(XLOOKUP('Job Control'!$B$3, INPUT_JobSettings!$A:$A, INPUT_JobSettings!$F:$F, "")<>"", XLOOKUP('Job Control'!$B$3, INPUT_JobSettings!$A:$A, INPUT_JobSettings!$F:$F, ""), $B$6), $B$6)) | R33: =IF($A33="","", ($Q33+$N33)*IFERROR(IF(XLOOKUP('Job Control'!$B$3, INPUT_JobSettings!$A:$A, INPUT_JobSettings!$G:$G, "")<>"", XLOOKUP('Job Control'!$B$3, INPUT_JobSettings!$A:$A, INPUT_JobSettings!$G:$G, ""), $B$7), $B$7)) | S33: =IF($A33="","", XLOOKUP($A33, INPUT_Rooms!$B:$B, INPUT_Rooms!$AH:$AH, ""))
A34: =IFERROR(INDEX(FILTER(INPUT_Rooms!$B$4:$B$83, INPUT_Rooms!$A$4:$A$83=$B$4, INPUT_Rooms!$K$4:$K$83="Y"), 24), "") | B34: =IF(A34="","", XLOOKUP(A34, FILTER(INPUT_Rooms!$B$4:$B$83, INPUT_Rooms!$A$4:$A$83=$B$4), FILTER(INPUT_Rooms!$C$4:$C$83, INPUT_Rooms!$A$4:$A$83=$B$4), "")) | C34: =IF(A34="","", "Y") | D34: =IF(A34="","", XLOOKUP(A34, INPUT_Rooms!$B:$B, INPUT_Rooms!$AD:$AD, "")) | E34: =IF(A34="","", XLOOKUP(A34, INPUT_Rooms!$B:$B, INPUT_Rooms!$L:$L, "")) | F34: =IF(A34="","", XLOOKUP(A34, INPUT_Rooms!$B:$B, INPUT_Rooms!$M:$M, "")) | G34: =IF(A34="","", IF(XLOOKUP(A34, INPUT_Rooms!$B:$B, INPUT_Rooms!$N:$N, "")="", $B$5, XLOOKUP(A34, INPUT_Rooms!$B:$B, INPUT_Rooms!$N:$N, ""))) | H34: =IF(A34="","", D34*XLOOKUP("PrepMinsPerSqft",Constants!$A$20:$A$40,Constants!$B$20:$B$40)*XLOOKUP(G34,Constants!$E$10:$E$30,Constants!$F$10:$F$30)) | I34: =IF(A34="","", D34*XLOOKUP("PaintMinsPerSqftPerCoat",Constants!$A$20:$A$40,Constants!$B$20:$B$40)*F34) | J34: =IF(A34="","", IF(E34="Full", D34*XLOOKUP("PrimerFullMinsPerSqft",Constants!$A$20:$A$40,Constants!$B$20:$B$40), IF(E34="Spot", D34*XLOOKUP("PrimerFullMinsPerSqft",Constants!$A$20:$A$40,Constants!$B$20:$B$40)*XLOOKUP("PrimerSpotFactor",Constants!$A$20:$A$40,Constants!$B$20:$B$40), 0))) | K34: =IF(A34="","", SUMPRODUCT((INPUT_Openings!$A:$A=$B$4)*(INPUT_Openings!$B:$B=A34)*(INPUT_Openings!$D:$D)*INPUT_Openings!$F:$F)) | L34: =IF($A34="","",IF($D34="", "",IFERROR(CEILING( ($D34*$F34) / IFERROR(XLOOKUP(XLOOKUP('Job Control'!$B$3, INPUT_JobSettings!$A:$A, INPUT_JobSettings!$B:$B, ""), Constants!$A:$A, Constants!$D:$D, ""), ""), 0.25), ""))) | M34: =IF($A34="","",IF($E34="None",0,IF($D34="", "",IFERROR(CEILING( ($D34*IF($E34="Full",1, XLOOKUP("PrimerSpotFactor",Constants!$A$10:$A$60,Constants!$B$10:$B$60))) / IFERROR(XLOOKUP(XLOOKUP('Job Control'!$B$3, INPUT_JobSettings!$A:$A, INPUT_JobSettings!$E:$E, ""), Constants!$A:$A, Constants!$D:$D, ""), ""), 0.25), "")))) | N34: =IF($A34="","",IFERROR($L34*IFERROR(XLOOKUP(XLOOKUP('Job Control'!$B$3, INPUT_JobSettings!$A:$A, INPUT_JobSettings!$B:$B, ""), Constants!$A:$A, Constants!$C:$C, 0), 0) + $M34*IFERROR(XLOOKUP(XLOOKUP('Job Control'!$B$3, INPUT_JobSettings!$A:$A, INPUT_JobSettings!$E:$E, ""), Constants!$A:$A, Constants!$C:$C, 0), 0),0)) | O34: =IF($A34="","", SUM($H34:$K34)) | P34: =IF($A34="","", $O34/60) | Q34: =IF($A34="","", $P34*IFERROR(IF(XLOOKUP('Job Control'!$B$3, INPUT_JobSettings!$A:$A, INPUT_JobSettings!$F:$F, "")<>"", XLOOKUP('Job Control'!$B$3, INPUT_JobSettings!$A:$A, INPUT_JobSettings!$F:$F, ""), $B$6), $B$6)) | R34: =IF($A34="","", ($Q34+$N34)*IFERROR(IF(XLOOKUP('Job Control'!$B$3, INPUT_JobSettings!$A:$A, INPUT_JobSettings!$G:$G, "")<>"", XLOOKUP('Job Control'!$B$3, INPUT_JobSettings!$A:$A, INPUT_JobSettings!$G:$G, ""), $B$7), $B$7)) | S34: =IF($A34="","", XLOOKUP($A34, INPUT_Rooms!$B:$B, INPUT_Rooms!$AH:$AH, ""))
A35: =IFERROR(INDEX(FILTER(INPUT_Rooms!$B$4:$B$83, INPUT_Rooms!$A$4:$A$83=$B$4, INPUT_Rooms!$K$4:$K$83="Y"), 25), "") | B35: =IF(A35="","", XLOOKUP(A35, FILTER(INPUT_Rooms!$B$4:$B$83, INPUT_Rooms!$A$4:$A$83=$B$4), FILTER(INPUT_Rooms!$C$4:$C$83, INPUT_Rooms!$A$4:$A$83=$B$4), "")) | C35: =IF(A35="","", "Y") | D35: =IF(A35="","", XLOOKUP(A35, INPUT_Rooms!$B:$B, INPUT_Rooms!$AD:$AD, "")) | E35: =IF(A35="","", XLOOKUP(A35, INPUT_Rooms!$B:$B, INPUT_Rooms!$L:$L, "")) | F35: =IF(A35="","", XLOOKUP(A35, INPUT_Rooms!$B:$B, INPUT_Rooms!$M:$M, "")) | G35: =IF(A35="","", IF(XLOOKUP(A35, INPUT_Rooms!$B:$B, INPUT_Rooms!$N:$N, "")="", $B$5, XLOOKUP(A35, INPUT_Rooms!$B:$B, INPUT_Rooms!$N:$N, ""))) | H35: =IF(A35="","", D35*XLOOKUP("PrepMinsPerSqft",Constants!$A$20:$A$40,Constants!$B$20:$B$40)*XLOOKUP(G35,Constants!$E$10:$E$30,Constants!$F$10:$F$30)) | I35: =IF(A35="","", D35*XLOOKUP("PaintMinsPerSqftPerCoat",Constants!$A$20:$A$40,Constants!$B$20:$B$40)*F35) | J35: =IF(A35="","", IF(E35="Full", D35*XLOOKUP("PrimerFullMinsPerSqft",Constants!$A$20:$A$40,Constants!$B$20:$B$40), IF(E35="Spot", D35*XLOOKUP("PrimerFullMinsPerSqft",Constants!$A$20:$A$40,Constants!$B$20:$B$40)*XLOOKUP("PrimerSpotFactor",Constants!$A$20:$A$40,Constants!$B$20:$B$40), 0))) | K35: =IF(A35="","", SUMPRODUCT((INPUT_Openings!$A:$A=$B$4)*(INPUT_Openings!$B:$B=A35)*(INPUT_Openings!$D:$D)*INPUT_Openings!$F:$F)) | L35: =IF($A35="","",IF($D35="", "",IFERROR(CEILING( ($D35*$F35) / IFERROR(XLOOKUP(XLOOKUP('Job Control'!$B$3, INPUT_JobSettings!$A:$A, INPUT_JobSettings!$B:$B, ""), Constants!$A:$A, Constants!$D:$D, ""), ""), 0.25), ""))) | M35: =IF($A35="","",IF($E35="None",0,IF($D35="", "",IFERROR(CEILING( ($D35*IF($E35="Full",1, XLOOKUP("PrimerSpotFactor",Constants!$A$10:$A$60,Constants!$B$10:$B$60))) / IFERROR(XLOOKUP(XLOOKUP('Job Control'!$B$3, INPUT_JobSettings!$A:$A, INPUT_JobSettings!$E:$E, ""), Constants!$A:$A, Constants!$D:$D, ""), ""), 0.25), "")))) | N35: =IF($A35="","",IFERROR($L35*IFERROR(XLOOKUP(XLOOKUP('Job Control'!$B$3, INPUT_JobSettings!$A:$A, INPUT_JobSettings!$B:$B, ""), Constants!$A:$A, Constants!$C:$C, 0), 0) + $M35*IFERROR(XLOOKUP(XLOOKUP('Job Control'!$B$3, INPUT_JobSettings!$A:$A, INPUT_JobSettings!$E:$E, ""), Constants!$A:$A, Constants!$C:$C, 0), 0),0)) | O35: =IF($A35="","", SUM($H35:$K35)) | P35: =IF($A35="","", $O35/60) | Q35: =IF($A35="","", $P35*IFERROR(IF(XLOOKUP('Job Control'!$B$3, INPUT_JobSettings!$A:$A, INPUT_JobSettings!$F:$F, "")<>"", XLOOKUP('Job Control'!$B$3, INPUT_JobSettings!$A:$A, INPUT_JobSettings!$F:$F, ""), $B$6), $B$6)) | R35: =IF($A35="","", ($Q35+$N35)*IFERROR(IF(XLOOKUP('Job Control'!$B$3, INPUT_JobSettings!$A:$A, INPUT_JobSettings!$G:$G, "")<>"", XLOOKUP('Job Control'!$B$3, INPUT_JobSettings!$A:$A, INPUT_JobSettings!$G:$G, ""), $B$7), $B$7)) | S35: =IF($A35="","", XLOOKUP($A35, INPUT_Rooms!$B:$B, INPUT_Rooms!$AH:$AH, ""))
A36: =IFERROR(INDEX(FILTER(INPUT_Rooms!$B$4:$B$83, INPUT_Rooms!$A$4:$A$83=$B$4, INPUT_Rooms!$K$4:$K$83="Y"), 26), "") | B36: =IF(A36="","", XLOOKUP(A36, FILTER(INPUT_Rooms!$B$4:$B$83, INPUT_Rooms!$A$4:$A$83=$B$4), FILTER(INPUT_Rooms!$C$4:$C$83, INPUT_Rooms!$A$4:$A$83=$B$4), "")) | C36: =IF(A36="","", "Y") | D36: =IF(A36="","", XLOOKUP(A36, INPUT_Rooms!$B:$B, INPUT_Rooms!$AD:$AD, "")) | E36: =IF(A36="","", XLOOKUP(A36, INPUT_Rooms!$B:$B, INPUT_Rooms!$L:$L, "")) | F36: =IF(A36="","", XLOOKUP(A36, INPUT_Rooms!$B:$B, INPUT_Rooms!$M:$M, "")) | G36: =IF(A36="","", IF(XLOOKUP(A36, INPUT_Rooms!$B:$B, INPUT_Rooms!$N:$N, "")="", $B$5, XLOOKUP(A36, INPUT_Rooms!$B:$B, INPUT_Rooms!$N:$N, ""))) | H36: =IF(A36="","", D36*XLOOKUP("PrepMinsPerSqft",Constants!$A$20:$A$40,Constants!$B$20:$B$40)*XLOOKUP(G36,Constants!$E$10:$E$30,Constants!$F$10:$F$30)) | I36: =IF(A36="","", D36*XLOOKUP("PaintMinsPerSqftPerCoat",Constants!$A$20:$A$40,Constants!$B$20:$B$40)*F36) | J36: =IF(A36="","", IF(E36="Full", D36*XLOOKUP("PrimerFullMinsPerSqft",Constants!$A$20:$A$40,Constants!$B$20:$B$40), IF(E36="Spot", D36*XLOOKUP("PrimerFullMinsPerSqft",Constants!$A$20:$A$40,Constants!$B$20:$B$40)*XLOOKUP("PrimerSpotFactor",Constants!$A$20:$A$40,Constants!$B$20:$B$40), 0))) | K36: =IF(A36="","", SUMPRODUCT((INPUT_Openings!$A:$A=$B$4)*(INPUT_Openings!$B:$B=A36)*(INPUT_Openings!$D:$D)*INPUT_Openings!$F:$F)) | L36: =IF($A36="","",IF($D36="", "",IFERROR(CEILING( ($D36*$F36) / IFERROR(XLOOKUP(XLOOKUP('Job Control'!$B$3, INPUT_JobSettings!$A:$A, INPUT_JobSettings!$B:$B, ""), Constants!$A:$A, Constants!$D:$D, ""), ""), 0.25), ""))) | M36: =IF($A36="","",IF($E36="None",0,IF($D36="", "",IFERROR(CEILING( ($D36*IF($E36="Full",1, XLOOKUP("PrimerSpotFactor",Constants!$A$10:$A$60,Constants!$B$10:$B$60))) / IFERROR(XLOOKUP(XLOOKUP('Job Control'!$B$3, INPUT_JobSettings!$A:$A, INPUT_JobSettings!$E:$E, ""), Constants!$A:$A, Constants!$D:$D, ""), ""), 0.25), "")))) | N36: =IF($A36="","",IFERROR($L36*IFERROR(XLOOKUP(XLOOKUP('Job Control'!$B$3, INPUT_JobSettings!$A:$A, INPUT_JobSettings!$B:$B, ""), Constants!$A:$A, Constants!$C:$C, 0), 0) + $M36*IFERROR(XLOOKUP(XLOOKUP('Job Control'!$B$3, INPUT_JobSettings!$A:$A, INPUT_JobSettings!$E:$E, ""), Constants!$A:$A, Constants!$C:$C, 0), 0),0)) | O36: =IF($A36="","", SUM($H36:$K36)) | P36: =IF($A36="","", $O36/60) | Q36: =IF($A36="","", $P36*IFERROR(IF(XLOOKUP('Job Control'!$B$3, INPUT_JobSettings!$A:$A, INPUT_JobSettings!$F:$F, "")<>"", XLOOKUP('Job Control'!$B$3, INPUT_JobSettings!$A:$A, INPUT_JobSettings!$F:$F, ""), $B$6), $B$6)) | R36: =IF($A36="","", ($Q36+$N36)*IFERROR(IF(XLOOKUP('Job Control'!$B$3, INPUT_JobSettings!$A:$A, INPUT_JobSettings!$G:$G, "")<>"", XLOOKUP('Job Control'!$B$3, INPUT_JobSettings!$A:$A, INPUT_JobSettings!$G:$G, ""), $B$7), $B$7)) | S36: =IF($A36="","", XLOOKUP($A36, INPUT_Rooms!$B:$B, INPUT_Rooms!$AH:$AH, ""))
A37: =IFERROR(INDEX(FILTER(INPUT_Rooms!$B$4:$B$83, INPUT_Rooms!$A$4:$A$83=$B$4, INPUT_Rooms!$K$4:$K$83="Y"), 27), "") | B37: =IF(A37="","", XLOOKUP(A37, FILTER(INPUT_Rooms!$B$4:$B$83, INPUT_Rooms!$A$4:$A$83=$B$4), FILTER(INPUT_Rooms!$C$4:$C$83, INPUT_Rooms!$A$4:$A$83=$B$4), "")) | C37: =IF(A37="","", "Y") | D37: =IF(A37="","", XLOOKUP(A37, INPUT_Rooms!$B:$B, INPUT_Rooms!$AD:$AD, "")) | E37: =IF(A37="","", XLOOKUP(A37, INPUT_Rooms!$B:$B, INPUT_Rooms!$L:$L, "")) | F37: =IF(A37="","", XLOOKUP(A37, INPUT_Rooms!$B:$B, INPUT_Rooms!$M:$M, "")) | G37: =IF(A37="","", IF(XLOOKUP(A37, INPUT_Rooms!$B:$B, INPUT_Rooms!$N:$N, "")="", $B$5, XLOOKUP(A37, INPUT_Rooms!$B:$B, INPUT_Rooms!$N:$N, ""))) | H37: =IF(A37="","", D37*XLOOKUP("PrepMinsPerSqft",Constants!$A$20:$A$40,Constants!$B$20:$B$40)*XLOOKUP(G37,Constants!$E$10:$E$30,Constants!$F$10:$F$30)) | I37: =IF(A37="","", D37*XLOOKUP("PaintMinsPerSqftPerCoat",Constants!$A$20:$A$40,Constants!$B$20:$B$40)*F37) | J37: =IF(A37="","", IF(E37="Full", D37*XLOOKUP("PrimerFullMinsPerSqft",Constants!$A$20:$A$40,Constants!$B$20:$B$40), IF(E37="Spot", D37*XLOOKUP("PrimerFullMinsPerSqft",Constants!$A$20:$A$40,Constants!$B$20:$B$40)*XLOOKUP("PrimerSpotFactor",Constants!$A$20:$A$40,Constants!$B$20:$B$40), 0))) | K37: =IF(A37="","", SUMPRODUCT((INPUT_Openings!$A:$A=$B$4)*(INPUT_Openings!$B:$B=A37)*(INPUT_Openings!$D:$D)*INPUT_Openings!$F:$F)) | L37: =IF($A37="","",IF($D37="", "",IFERROR(CEILING( ($D37*$F37) / IFERROR(XLOOKUP(XLOOKUP('Job Control'!$B$3, INPUT_JobSettings!$A:$A, INPUT_JobSettings!$B:$B, ""), Constants!$A:$A, Constants!$D:$D, ""), ""), 0.25), ""))) | M37: =IF($A37="","",IF($E37="None",0,IF($D37="", "",IFERROR(CEILING( ($D37*IF($E37="Full",1, XLOOKUP("PrimerSpotFactor",Constants!$A$10:$A$60,Constants!$B$10:$B$60))) / IFERROR(XLOOKUP(XLOOKUP('Job Control'!$B$3, INPUT_JobSettings!$A:$A, INPUT_JobSettings!$E:$E, ""), Constants!$A:$A, Constants!$D:$D, ""), ""), 0.25), "")))) | N37: =IF($A37="","",IFERROR($L37*IFERROR(XLOOKUP(XLOOKUP('Job Control'!$B$3, INPUT_JobSettings!$A:$A, INPUT_JobSettings!$B:$B, ""), Constants!$A:$A, Constants!$C:$C, 0), 0) + $M37*IFERROR(XLOOKUP(XLOOKUP('Job Control'!$B$3, INPUT_JobSettings!$A:$A, INPUT_JobSettings!$E:$E, ""), Constants!$A:$A, Constants!$C:$C, 0), 0),0)) | O37: =IF($A37="","", SUM($H37:$K37)) | P37: =IF($A37="","", $O37/60) | Q37: =IF($A37="","", $P37*IFERROR(IF(XLOOKUP('Job Control'!$B$3, INPUT_JobSettings!$A:$A, INPUT_JobSettings!$F:$F, "")<>"", XLOOKUP('Job Control'!$B$3, INPUT_JobSettings!$A:$A, INPUT_JobSettings!$F:$F, ""), $B$6), $B$6)) | R37: =IF($A37="","", ($Q37+$N37)*IFERROR(IF(XLOOKUP('Job Control'!$B$3, INPUT_JobSettings!$A:$A, INPUT_JobSettings!$G:$G, "")<>"", XLOOKUP('Job Control'!$B$3, INPUT_JobSettings!$A:$A, INPUT_JobSettings!$G:$G, ""), $B$7), $B$7)) | S37: =IF($A37="","", XLOOKUP($A37, INPUT_Rooms!$B:$B, INPUT_Rooms!$AH:$AH, ""))
A38: =IFERROR(INDEX(FILTER(INPUT_Rooms!$B$4:$B$83, INPUT_Rooms!$A$4:$A$83=$B$4, INPUT_Rooms!$K$4:$K$83="Y"), 28), "") | B38: =IF(A38="","", XLOOKUP(A38, FILTER(INPUT_Rooms!$B$4:$B$83, INPUT_Rooms!$A$4:$A$83=$B$4), FILTER(INPUT_Rooms!$C$4:$C$83, INPUT_Rooms!$A$4:$A$83=$B$4), "")) | C38: =IF(A38="","", "Y") | D38: =IF(A38="","", XLOOKUP(A38, INPUT_Rooms!$B:$B, INPUT_Rooms!$AD:$AD, "")) | E38: =IF(A38="","", XLOOKUP(A38, INPUT_Rooms!$B:$B, INPUT_Rooms!$L:$L, "")) | F38: =IF(A38="","", XLOOKUP(A38, INPUT_Rooms!$B:$B, INPUT_Rooms!$M:$M, "")) | G38: =IF(A38="","", IF(XLOOKUP(A38, INPUT_Rooms!$B:$B, INPUT_Rooms!$N:$N, "")="", $B$5, XLOOKUP(A38, INPUT_Rooms!$B:$B, INPUT_Rooms!$N:$N, ""))) | H38: =IF(A38="","", D38*XLOOKUP("PrepMinsPerSqft",Constants!$A$20:$A$40,Constants!$B$20:$B$40)*XLOOKUP(G38,Constants!$E$10:$E$30,Constants!$F$10:$F$30)) | I38: =IF(A38="","", D38*XLOOKUP("PaintMinsPerSqftPerCoat",Constants!$A$20:$A$40,Constants!$B$20:$B$40)*F38) | J38: =IF(A38="","", IF(E38="Full", D38*XLOOKUP("PrimerFullMinsPerSqft",Constants!$A$20:$A$40,Constants!$B$20:$B$40), IF(E38="Spot", D38*XLOOKUP("PrimerFullMinsPerSqft",Constants!$A$20:$A$40,Constants!$B$20:$B$40)*XLOOKUP("PrimerSpotFactor",Constants!$A$20:$A$40,Constants!$B$20:$B$40), 0))) | K38: =IF(A38="","", SUMPRODUCT((INPUT_Openings!$A:$A=$B$4)*(INPUT_Openings!$B:$B=A38)*(INPUT_Openings!$D:$D)*INPUT_Openings!$F:$F)) | L38: =IF($A38="","",IF($D38="", "",IFERROR(CEILING( ($D38*$F38) / IFERROR(XLOOKUP(XLOOKUP('Job Control'!$B$3, INPUT_JobSettings!$A:$A, INPUT_JobSettings!$B:$B, ""), Constants!$A:$A, Constants!$D:$D, ""), ""), 0.25), ""))) | M38: =IF($A38="","",IF($E38="None",0,IF($D38="", "",IFERROR(CEILING( ($D38*IF($E38="Full",1, XLOOKUP("PrimerSpotFactor",Constants!$A$10:$A$60,Constants!$B$10:$B$60))) / IFERROR(XLOOKUP(XLOOKUP('Job Control'!$B$3, INPUT_JobSettings!$A:$A, INPUT_JobSettings!$E:$E, ""), Constants!$A:$A, Constants!$D:$D, ""), ""), 0.25), "")))) | N38: =IF($A38="","",IFERROR($L38*IFERROR(XLOOKUP(XLOOKUP('Job Control'!$B$3, INPUT_JobSettings!$A:$A, INPUT_JobSettings!$B:$B, ""), Constants!$A:$A, Constants!$C:$C, 0), 0) + $M38*IFERROR(XLOOKUP(XLOOKUP('Job Control'!$B$3, INPUT_JobSettings!$A:$A, INPUT_JobSettings!$E:$E, ""), Constants!$A:$A, Constants!$C:$C, 0), 0),0)) | O38: =IF($A38="","", SUM($H38:$K38)) | P38: =IF($A38="","", $O38/60) | Q38: =IF($A38="","", $P38*IFERROR(IF(XLOOKUP('Job Control'!$B$3, INPUT_JobSettings!$A:$A, INPUT_JobSettings!$F:$F, "")<>"", XLOOKUP('Job Control'!$B$3, INPUT_JobSettings!$A:$A, INPUT_JobSettings!$F:$F, ""), $B$6), $B$6)) | R38: =IF($A38="","", ($Q38+$N38)*IFERROR(IF(XLOOKUP('Job Control'!$B$3, INPUT_JobSettings!$A:$A, INPUT_JobSettings!$G:$G, "")<>"", XLOOKUP('Job Control'!$B$3, INPUT_JobSettings!$A:$A, INPUT_JobSettings!$G:$G, ""), $B$7), $B$7)) | S38: =IF($A38="","", XLOOKUP($A38, INPUT_Rooms!$B:$B, INPUT_Rooms!$AH:$AH, ""))
A39: =IFERROR(INDEX(FILTER(INPUT_Rooms!$B$4:$B$83, INPUT_Rooms!$A$4:$A$83=$B$4, INPUT_Rooms!$K$4:$K$83="Y"), 29), "") | B39: =IF(A39="","", XLOOKUP(A39, FILTER(INPUT_Rooms!$B$4:$B$83, INPUT_Rooms!$A$4:$A$83=$B$4), FILTER(INPUT_Rooms!$C$4:$C$83, INPUT_Rooms!$A$4:$A$83=$B$4), "")) | C39: =IF(A39="","", "Y") | D39: =IF(A39="","", XLOOKUP(A39, INPUT_Rooms!$B:$B, INPUT_Rooms!$AD:$AD, "")) | E39: =IF(A39="","", XLOOKUP(A39, INPUT_Rooms!$B:$B, INPUT_Rooms!$L:$L, "")) | F39: =IF(A39="","", XLOOKUP(A39, INPUT_Rooms!$B:$B, INPUT_Rooms!$M:$M, "")) | G39: =IF(A39="","", IF(XLOOKUP(A39, INPUT_Rooms!$B:$B, INPUT_Rooms!$N:$N, "")="", $B$5, XLOOKUP(A39, INPUT_Rooms!$B:$B, INPUT_Rooms!$N:$N, ""))) | H39: =IF(A39="","", D39*XLOOKUP("PrepMinsPerSqft",Constants!$A$20:$A$40,Constants!$B$20:$B$40)*XLOOKUP(G39,Constants!$E$10:$E$30,Constants!$F$10:$F$30)) | I39: =IF(A39="","", D39*XLOOKUP("PaintMinsPerSqftPerCoat",Constants!$A$20:$A$40,Constants!$B$20:$B$40)*F39) | J39: =IF(A39="","", IF(E39="Full", D39*XLOOKUP("PrimerFullMinsPerSqft",Constants!$A$20:$A$40,Constants!$B$20:$B$40), IF(E39="Spot", D39*XLOOKUP("PrimerFullMinsPerSqft",Constants!$A$20:$A$40,Constants!$B$20:$B$40)*XLOOKUP("PrimerSpotFactor",Constants!$A$20:$A$40,Constants!$B$20:$B$40), 0))) | K39: =IF(A39="","", SUMPRODUCT((INPUT_Openings!$A:$A=$B$4)*(INPUT_Openings!$B:$B=A39)*(INPUT_Openings!$D:$D)*INPUT_Openings!$F:$F)) | L39: =IF($A39="","",IF($D39="", "",IFERROR(CEILING( ($D39*$F39) / IFERROR(XLOOKUP(XLOOKUP('Job Control'!$B$3, INPUT_JobSettings!$A:$A, INPUT_JobSettings!$B:$B, ""), Constants!$A:$A, Constants!$D:$D, ""), ""), 0.25), ""))) | M39: =IF($A39="","",IF($E39="None",0,IF($D39="", "",IFERROR(CEILING( ($D39*IF($E39="Full",1, XLOOKUP("PrimerSpotFactor",Constants!$A$10:$A$60,Constants!$B$10:$B$60))) / IFERROR(XLOOKUP(XLOOKUP('Job Control'!$B$3, INPUT_JobSettings!$A:$A, INPUT_JobSettings!$E:$E, ""), Constants!$A:$A, Constants!$D:$D, ""), ""), 0.25), "")))) | N39: =IF($A39="","",IFERROR($L39*IFERROR(XLOOKUP(XLOOKUP('Job Control'!$B$3, INPUT_JobSettings!$A:$A, INPUT_JobSettings!$B:$B, ""), Constants!$A:$A, Constants!$C:$C, 0), 0) + $M39*IFERROR(XLOOKUP(XLOOKUP('Job Control'!$B$3, INPUT_JobSettings!$A:$A, INPUT_JobSettings!$E:$E, ""), Constants!$A:$A, Constants!$C:$C, 0), 0),0)) | O39: =IF($A39="","", SUM($H39:$K39)) | P39: =IF($A39="","", $O39/60) | Q39: =IF($A39="","", $P39*IFERROR(IF(XLOOKUP('Job Control'!$B$3, INPUT_JobSettings!$A:$A, INPUT_JobSettings!$F:$F, "")<>"", XLOOKUP('Job Control'!$B$3, INPUT_JobSettings!$A:$A, INPUT_JobSettings!$F:$F, ""), $B$6), $B$6)) | R39: =IF($A39="","", ($Q39+$N39)*IFERROR(IF(XLOOKUP('Job Control'!$B$3, INPUT_JobSettings!$A:$A, INPUT_JobSettings!$G:$G, "")<>"", XLOOKUP('Job Control'!$B$3, INPUT_JobSettings!$A:$A, INPUT_JobSettings!$G:$G, ""), $B$7), $B$7)) | S39: =IF($A39="","", XLOOKUP($A39, INPUT_Rooms!$B:$B, INPUT_Rooms!$AH:$AH, ""))
A40: =IFERROR(INDEX(FILTER(INPUT_Rooms!$B$4:$B$83, INPUT_Rooms!$A$4:$A$83=$B$4, INPUT_Rooms!$K$4:$K$83="Y"), 30), "") | B40: =IF(A40="","", XLOOKUP(A40, FILTER(INPUT_Rooms!$B$4:$B$83, INPUT_Rooms!$A$4:$A$83=$B$4), FILTER(INPUT_Rooms!$C$4:$C$83, INPUT_Rooms!$A$4:$A$83=$B$4), "")) | C40: =IF(A40="","", "Y") | D40: =IF(A40="","", XLOOKUP(A40, INPUT_Rooms!$B:$B, INPUT_Rooms!$AD:$AD, "")) | E40: =IF(A40="","", XLOOKUP(A40, INPUT_Rooms!$B:$B, INPUT_Rooms!$L:$L, "")) | F40: =IF(A40="","", XLOOKUP(A40, INPUT_Rooms!$B:$B, INPUT_Rooms!$M:$M, "")) | G40: =IF(A40="","", IF(XLOOKUP(A40, INPUT_Rooms!$B:$B, INPUT_Rooms!$N:$N, "")="", $B$5, XLOOKUP(A40, INPUT_Rooms!$B:$B, INPUT_Rooms!$N:$N, ""))) | H40: =IF(A40="","", D40*XLOOKUP("PrepMinsPerSqft",Constants!$A$20:$A$40,Constants!$B$20:$B$40)*XLOOKUP(G40,Constants!$E$10:$E$30,Constants!$F$10:$F$30)) | I40: =IF(A40="","", D40*XLOOKUP("PaintMinsPerSqftPerCoat",Constants!$A$20:$A$40,Constants!$B$20:$B$40)*F40) | J40: =IF(A40="","", IF(E40="Full", D40*XLOOKUP("PrimerFullMinsPerSqft",Constants!$A$20:$A$40,Constants!$B$20:$B$40), IF(E40="Spot", D40*XLOOKUP("PrimerFullMinsPerSqft",Constants!$A$20:$A$40,Constants!$B$20:$B$40)*XLOOKUP("PrimerSpotFactor",Constants!$A$20:$A$40,Constants!$B$20:$B$40), 0))) | K40: =IF(A40="","", SUMPRODUCT((INPUT_Openings!$A:$A=$B$4)*(INPUT_Openings!$B:$B=A40)*(INPUT_Openings!$D:$D)*INPUT_Openings!$F:$F)) | L40: =IF($A40="","",IF($D40="", "",IFERROR(CEILING( ($D40*$F40) / IFERROR(XLOOKUP(XLOOKUP('Job Control'!$B$3, INPUT_JobSettings!$A:$A, INPUT_JobSettings!$B:$B, ""), Constants!$A:$A, Constants!$D:$D, ""), ""), 0.25), ""))) | M40: =IF($A40="","",IF($E40="None",0,IF($D40="", "",IFERROR(CEILING( ($D40*IF($E40="Full",1, XLOOKUP("PrimerSpotFactor",Constants!$A$10:$A$60,Constants!$B$10:$B$60))) / IFERROR(XLOOKUP(XLOOKUP('Job Control'!$B$3, INPUT_JobSettings!$A:$A, INPUT_JobSettings!$E:$E, ""), Constants!$A:$A, Constants!$D:$D, ""), ""), 0.25), "")))) | N40: =IF($A40="","",IFERROR($L40*IFERROR(XLOOKUP(XLOOKUP('Job Control'!$B$3, INPUT_JobSettings!$A:$A, INPUT_JobSettings!$B:$B, ""), Constants!$A:$A, Constants!$C:$C, 0), 0) + $M40*IFERROR(XLOOKUP(XLOOKUP('Job Control'!$B$3, INPUT_JobSettings!$A:$A, INPUT_JobSettings!$E:$E, ""), Constants!$A:$A, Constants!$C:$C, 0), 0),0)) | O40: =IF($A40="","", SUM($H40:$K40)) | P40: =IF($A40="","", $O40/60) | Q40: =IF($A40="","", $P40*IFERROR(IF(XLOOKUP('Job Control'!$B$3, INPUT_JobSettings!$A:$A, INPUT_JobSettings!$F:$F, "")<>"", XLOOKUP('Job Control'!$B$3, INPUT_JobSettings!$A:$A, INPUT_JobSettings!$F:$F, ""), $B$6), $B$6)) | R40: =IF($A40="","", ($Q40+$N40)*IFERROR(IF(XLOOKUP('Job Control'!$B$3, INPUT_JobSettings!$A:$A, INPUT_JobSettings!$G:$G, "")<>"", XLOOKUP('Job Control'!$B$3, INPUT_JobSettings!$A:$A, INPUT_JobSettings!$G:$G, ""), $B$7), $B$7)) | S40: =IF($A40="","", XLOOKUP($A40, INPUT_Rooms!$B:$B, INPUT_Rooms!$AH:$AH, ""))
A41: =IFERROR(INDEX(FILTER(INPUT_Rooms!$B$4:$B$83, INPUT_Rooms!$A$4:$A$83=$B$4, INPUT_Rooms!$K$4:$K$83="Y"), 31), "") | B41: =IF(A41="","", XLOOKUP(A41, FILTER(INPUT_Rooms!$B$4:$B$83, INPUT_Rooms!$A$4:$A$83=$B$4), FILTER(INPUT_Rooms!$C$4:$C$83, INPUT_Rooms!$A$4:$A$83=$B$4), "")) | C41: =IF(A41="","", "Y") | D41: =IF(A41="","", XLOOKUP(A41, INPUT_Rooms!$B:$B, INPUT_Rooms!$AD:$AD, "")) | E41: =IF(A41="","", XLOOKUP(A41, INPUT_Rooms!$B:$B, INPUT_Rooms!$L:$L, "")) | F41: =IF(A41="","", XLOOKUP(A41, INPUT_Rooms!$B:$B, INPUT_Rooms!$M:$M, "")) | G41: =IF(A41="","", IF(XLOOKUP(A41, INPUT_Rooms!$B:$B, INPUT_Rooms!$N:$N, "")="", $B$5, XLOOKUP(A41, INPUT_Rooms!$B:$B, INPUT_Rooms!$N:$N, ""))) | H41: =IF(A41="","", D41*XLOOKUP("PrepMinsPerSqft",Constants!$A$20:$A$40,Constants!$B$20:$B$40)*XLOOKUP(G41,Constants!$E$10:$E$30,Constants!$F$10:$F$30)) | I41: =IF(A41="","", D41*XLOOKUP("PaintMinsPerSqftPerCoat",Constants!$A$20:$A$40,Constants!$B$20:$B$40)*F41) | J41: =IF(A41="","", IF(E41="Full", D41*XLOOKUP("PrimerFullMinsPerSqft",Constants!$A$20:$A$40,Constants!$B$20:$B$40), IF(E41="Spot", D41*XLOOKUP("PrimerFullMinsPerSqft",Constants!$A$20:$A$40,Constants!$B$20:$B$40)*XLOOKUP("PrimerSpotFactor",Constants!$A$20:$A$40,Constants!$B$20:$B$40), 0))) | K41: =IF(A41="","", SUMPRODUCT((INPUT_Openings!$A:$A=$B$4)*(INPUT_Openings!$B:$B=A41)*(INPUT_Openings!$D:$D)*INPUT_Openings!$F:$F)) | L41: =IF($A41="","",IF($D41="", "",IFERROR(CEILING( ($D41*$F41) / IFERROR(XLOOKUP(XLOOKUP('Job Control'!$B$3, INPUT_JobSettings!$A:$A, INPUT_JobSettings!$B:$B, ""), Constants!$A:$A, Constants!$D:$D, ""), ""), 0.25), ""))) | M41: =IF($A41="","",IF($E41="None",0,IF($D41="", "",IFERROR(CEILING( ($D41*IF($E41="Full",1, XLOOKUP("PrimerSpotFactor",Constants!$A$10:$A$60,Constants!$B$10:$B$60))) / IFERROR(XLOOKUP(XLOOKUP('Job Control'!$B$3, INPUT_JobSettings!$A:$A, INPUT_JobSettings!$E:$E, ""), Constants!$A:$A, Constants!$D:$D, ""), ""), 0.25), "")))) | N41: =IF($A41="","",IFERROR($L41*IFERROR(XLOOKUP(XLOOKUP('Job Control'!$B$3, INPUT_JobSettings!$A:$A, INPUT_JobSettings!$B:$B, ""), Constants!$A:$A, Constants!$C:$C, 0), 0) + $M41*IFERROR(XLOOKUP(XLOOKUP('Job Control'!$B$3, INPUT_JobSettings!$A:$A, INPUT_JobSettings!$E:$E, ""), Constants!$A:$A, Constants!$C:$C, 0), 0),0)) | O41: =IF($A41="","", SUM($H41:$K41)) | P41: =IF($A41="","", $O41/60) | Q41: =IF($A41="","", $P41*IFERROR(IF(XLOOKUP('Job Control'!$B$3, INPUT_JobSettings!$A:$A, INPUT_JobSettings!$F:$F, "")<>"", XLOOKUP('Job Control'!$B$3, INPUT_JobSettings!$A:$A, INPUT_JobSettings!$F:$F, ""), $B$6), $B$6)) | R41: =IF($A41="","", ($Q41+$N41)*IFERROR(IF(XLOOKUP('Job Control'!$B$3, INPUT_JobSettings!$A:$A, INPUT_JobSettings!$G:$G, "")<>"", XLOOKUP('Job Control'!$B$3, INPUT_JobSettings!$A:$A, INPUT_JobSettings!$G:$G, ""), $B$7), $B$7)) | S41: =IF($A41="","", XLOOKUP($A41, INPUT_Rooms!$B:$B, INPUT_Rooms!$AH:$AH, ""))
A42: =IFERROR(INDEX(FILTER(INPUT_Rooms!$B$4:$B$83, INPUT_Rooms!$A$4:$A$83=$B$4, INPUT_Rooms!$K$4:$K$83="Y"), 32), "") | B42: =IF(A42="","", XLOOKUP(A42, FILTER(INPUT_Rooms!$B$4:$B$83, INPUT_Rooms!$A$4:$A$83=$B$4), FILTER(INPUT_Rooms!$C$4:$C$83, INPUT_Rooms!$A$4:$A$83=$B$4), "")) | C42: =IF(A42="","", "Y") | D42: =IF(A42="","", XLOOKUP(A42, INPUT_Rooms!$B:$B, INPUT_Rooms!$AD:$AD, "")) | E42: =IF(A42="","", XLOOKUP(A42, INPUT_Rooms!$B:$B, INPUT_Rooms!$L:$L, "")) | F42: =IF(A42="","", XLOOKUP(A42, INPUT_Rooms!$B:$B, INPUT_Rooms!$M:$M, "")) | G42: =IF(A42="","", IF(XLOOKUP(A42, INPUT_Rooms!$B:$B, INPUT_Rooms!$N:$N, "")="", $B$5, XLOOKUP(A42, INPUT_Rooms!$B:$B, INPUT_Rooms!$N:$N, ""))) | H42: =IF(A42="","", D42*XLOOKUP("PrepMinsPerSqft",Constants!$A$20:$A$40,Constants!$B$20:$B$40)*XLOOKUP(G42,Constants!$E$10:$E$30,Constants!$F$10:$F$30)) | I42: =IF(A42="","", D42*XLOOKUP("PaintMinsPerSqftPerCoat",Constants!$A$20:$A$40,Constants!$B$20:$B$40)*F42) | J42: =IF(A42="","", IF(E42="Full", D42*XLOOKUP("PrimerFullMinsPerSqft",Constants!$A$20:$A$40,Constants!$B$20:$B$40), IF(E42="Spot", D42*XLOOKUP("PrimerFullMinsPerSqft",Constants!$A$20:$A$40,Constants!$B$20:$B$40)*XLOOKUP("PrimerSpotFactor",Constants!$A$20:$A$40,Constants!$B$20:$B$40), 0))) | K42: =IF(A42="","", SUMPRODUCT((INPUT_Openings!$A:$A=$B$4)*(INPUT_Openings!$B:$B=A42)*(INPUT_Openings!$D:$D)*INPUT_Openings!$F:$F)) | L42: =IF($A42="","",IF($D42="", "",IFERROR(CEILING( ($D42*$F42) / IFERROR(XLOOKUP(XLOOKUP('Job Control'!$B$3, INPUT_JobSettings!$A:$A, INPUT_JobSettings!$B:$B, ""), Constants!$A:$A, Constants!$D:$D, ""), ""), 0.25), ""))) | M42: =IF($A42="","",IF($E42="None",0,IF($D42="", "",IFERROR(CEILING( ($D42*IF($E42="Full",1, XLOOKUP("PrimerSpotFactor",Constants!$A$10:$A$60,Constants!$B$10:$B$60))) / IFERROR(XLOOKUP(XLOOKUP('Job Control'!$B$3, INPUT_JobSettings!$A:$A, INPUT_JobSettings!$E:$E, ""), Constants!$A:$A, Constants!$D:$D, ""), ""), 0.25), "")))) | N42: =IF($A42="","",IFERROR($L42*IFERROR(XLOOKUP(XLOOKUP('Job Control'!$B$3, INPUT_JobSettings!$A:$A, INPUT_JobSettings!$B:$B, ""), Constants!$A:$A, Constants!$C:$C, 0), 0) + $M42*IFERROR(XLOOKUP(XLOOKUP('Job Control'!$B$3, INPUT_JobSettings!$A:$A, INPUT_JobSettings!$E:$E, ""), Constants!$A:$A, Constants!$C:$C, 0), 0),0)) | O42: =IF($A42="","", SUM($H42:$K42)) | P42: =IF($A42="","", $O42/60) | Q42: =IF($A42="","", $P42*IFERROR(IF(XLOOKUP('Job Control'!$B$3, INPUT_JobSettings!$A:$A, INPUT_JobSettings!$F:$F, "")<>"", XLOOKUP('Job Control'!$B$3, INPUT_JobSettings!$A:$A, INPUT_JobSettings!$F:$F, ""), $B$6), $B$6)) | R42: =IF($A42="","", ($Q42+$N42)*IFERROR(IF(XLOOKUP('Job Control'!$B$3, INPUT_JobSettings!$A:$A, INPUT_JobSettings!$G:$G, "")<>"", XLOOKUP('Job Control'!$B$3, INPUT_JobSettings!$A:$A, INPUT_JobSettings!$G:$G, ""), $B$7), $B$7)) | S42: =IF($A42="","", XLOOKUP($A42, INPUT_Rooms!$B:$B, INPUT_Rooms!$AH:$AH, ""))
A43: =IFERROR(INDEX(FILTER(INPUT_Rooms!$B$4:$B$83, INPUT_Rooms!$A$4:$A$83=$B$4, INPUT_Rooms!$K$4:$K$83="Y"), 33), "") | B43: =IF(A43="","", XLOOKUP(A43, FILTER(INPUT_Rooms!$B$4:$B$83, INPUT_Rooms!$A$4:$A$83=$B$4), FILTER(INPUT_Rooms!$C$4:$C$83, INPUT_Rooms!$A$4:$A$83=$B$4), "")) | C43: =IF(A43="","", "Y") | D43: =IF(A43="","", XLOOKUP(A43, INPUT_Rooms!$B:$B, INPUT_Rooms!$AD:$AD, "")) | E43: =IF(A43="","", XLOOKUP(A43, INPUT_Rooms!$B:$B, INPUT_Rooms!$L:$L, "")) | F43: =IF(A43="","", XLOOKUP(A43, INPUT_Rooms!$B:$B, INPUT_Rooms!$M:$M, "")) | G43: =IF(A43="","", IF(XLOOKUP(A43, INPUT_Rooms!$B:$B, INPUT_Rooms!$N:$N, "")="", $B$5, XLOOKUP(A43, INPUT_Rooms!$B:$B, INPUT_Rooms!$N:$N, ""))) | H43: =IF(A43="","", D43*XLOOKUP("PrepMinsPerSqft",Constants!$A$20:$A$40,Constants!$B$20:$B$40)*XLOOKUP(G43,Constants!$E$10:$E$30,Constants!$F$10:$F$30)) | I43: =IF(A43="","", D43*XLOOKUP("PaintMinsPerSqftPerCoat",Constants!$A$20:$A$40,Constants!$B$20:$B$40)*F43) | J43: =IF(A43="","", IF(E43="Full", D43*XLOOKUP("PrimerFullMinsPerSqft",Constants!$A$20:$A$40,Constants!$B$20:$B$40), IF(E43="Spot", D43*XLOOKUP("PrimerFullMinsPerSqft",Constants!$A$20:$A$40,Constants!$B$20:$B$40)*XLOOKUP("PrimerSpotFactor",Constants!$A$20:$A$40,Constants!$B$20:$B$40), 0))) | K43: =IF(A43="","", SUMPRODUCT((INPUT_Openings!$A:$A=$B$4)*(INPUT_Openings!$B:$B=A43)*(INPUT_Openings!$D:$D)*INPUT_Openings!$F:$F)) | L43: =IF($A43="","",IF($D43="", "",IFERROR(CEILING( ($D43*$F43) / IFERROR(XLOOKUP(XLOOKUP('Job Control'!$B$3, INPUT_JobSettings!$A:$A, INPUT_JobSettings!$B:$B, ""), Constants!$A:$A, Constants!$D:$D, ""), ""), 0.25), ""))) | M43: =IF($A43="","",IF($E43="None",0,IF($D43="", "",IFERROR(CEILING( ($D43*IF($E43="Full",1, XLOOKUP("PrimerSpotFactor",Constants!$A$10:$A$60,Constants!$B$10:$B$60))) / IFERROR(XLOOKUP(XLOOKUP('Job Control'!$B$3, INPUT_JobSettings!$A:$A, INPUT_JobSettings!$E:$E, ""), Constants!$A:$A, Constants!$D:$D, ""), ""), 0.25), "")))) | N43: =IF($A43="","",IFERROR($L43*IFERROR(XLOOKUP(XLOOKUP('Job Control'!$B$3, INPUT_JobSettings!$A:$A, INPUT_JobSettings!$B:$B, ""), Constants!$A:$A, Constants!$C:$C, 0), 0) + $M43*IFERROR(XLOOKUP(XLOOKUP('Job Control'!$B$3, INPUT_JobSettings!$A:$A, INPUT_JobSettings!$E:$E, ""), Constants!$A:$A, Constants!$C:$C, 0), 0),0)) | O43: =IF($A43="","", SUM($H43:$K43)) | P43: =IF($A43="","", $O43/60) | Q43: =IF($A43="","", $P43*IFERROR(IF(XLOOKUP('Job Control'!$B$3, INPUT_JobSettings!$A:$A, INPUT_JobSettings!$F:$F, "")<>"", XLOOKUP('Job Control'!$B$3, INPUT_JobSettings!$A:$A, INPUT_JobSettings!$F:$F, ""), $B$6), $B$6)) | R43: =IF($A43="","", ($Q43+$N43)*IFERROR(IF(XLOOKUP('Job Control'!$B$3, INPUT_JobSettings!$A:$A, INPUT_JobSettings!$G:$G, "")<>"", XLOOKUP('Job Control'!$B$3, INPUT_JobSettings!$A:$A, INPUT_JobSettings!$G:$G, ""), $B$7), $B$7)) | S43: =IF($A43="","", XLOOKUP($A43, INPUT_Rooms!$B:$B, INPUT_Rooms!$AH:$AH, ""))
A44: =IFERROR(INDEX(FILTER(INPUT_Rooms!$B$4:$B$83, INPUT_Rooms!$A$4:$A$83=$B$4, INPUT_Rooms!$K$4:$K$83="Y"), 34), "") | B44: =IF(A44="","", XLOOKUP(A44, FILTER(INPUT_Rooms!$B$4:$B$83, INPUT_Rooms!$A$4:$A$83=$B$4), FILTER(INPUT_Rooms!$C$4:$C$83, INPUT_Rooms!$A$4:$A$83=$B$4), "")) | C44: =IF(A44="","", "Y") | D44: =IF(A44="","", XLOOKUP(A44, INPUT_Rooms!$B:$B, INPUT_Rooms!$AD:$AD, "")) | E44: =IF(A44="","", XLOOKUP(A44, INPUT_Rooms!$B:$B, INPUT_Rooms!$L:$L, "")) | F44: =IF(A44="","", XLOOKUP(A44, INPUT_Rooms!$B:$B, INPUT_Rooms!$M:$M, "")) | G44: =IF(A44="","", IF(XLOOKUP(A44, INPUT_Rooms!$B:$B, INPUT_Rooms!$N:$N, "")="", $B$5, XLOOKUP(A44, INPUT_Rooms!$B:$B, INPUT_Rooms!$N:$N, ""))) | H44: =IF(A44="","", D44*XLOOKUP("PrepMinsPerSqft",Constants!$A$20:$A$40,Constants!$B$20:$B$40)*XLOOKUP(G44,Constants!$E$10:$E$30,Constants!$F$10:$F$30)) | I44: =IF(A44="","", D44*XLOOKUP("PaintMinsPerSqftPerCoat",Constants!$A$20:$A$40,Constants!$B$20:$B$40)*F44) | J44: =IF(A44="","", IF(E44="Full", D44*XLOOKUP("PrimerFullMinsPerSqft",Constants!$A$20:$A$40,Constants!$B$20:$B$40), IF(E44="Spot", D44*XLOOKUP("PrimerFullMinsPerSqft",Constants!$A$20:$A$40,Constants!$B$20:$B$40)*XLOOKUP("PrimerSpotFactor",Constants!$A$20:$A$40,Constants!$B$20:$B$40), 0))) | K44: =IF(A44="","", SUMPRODUCT((INPUT_Openings!$A:$A=$B$4)*(INPUT_Openings!$B:$B=A44)*(INPUT_Openings!$D:$D)*INPUT_Openings!$F:$F)) | L44: =IF($A44="","",IF($D44="", "",IFERROR(CEILING( ($D44*$F44) / IFERROR(XLOOKUP(XLOOKUP('Job Control'!$B$3, INPUT_JobSettings!$A:$A, INPUT_JobSettings!$B:$B, ""), Constants!$A:$A, Constants!$D:$D, ""), ""), 0.25), ""))) | M44: =IF($A44="","",IF($E44="None",0,IF($D44="", "",IFERROR(CEILING( ($D44*IF($E44="Full",1, XLOOKUP("PrimerSpotFactor",Constants!$A$10:$A$60,Constants!$B$10:$B$60))) / IFERROR(XLOOKUP(XLOOKUP('Job Control'!$B$3, INPUT_JobSettings!$A:$A, INPUT_JobSettings!$E:$E, ""), Constants!$A:$A, Constants!$D:$D, ""), ""), 0.25), "")))) | N44: =IF($A44="","",IFERROR($L44*IFERROR(XLOOKUP(XLOOKUP('Job Control'!$B$3, INPUT_JobSettings!$A:$A, INPUT_JobSettings!$B:$B, ""), Constants!$A:$A, Constants!$C:$C, 0), 0) + $M44*IFERROR(XLOOKUP(XLOOKUP('Job Control'!$B$3, INPUT_JobSettings!$A:$A, INPUT_JobSettings!$E:$E, ""), Constants!$A:$A, Constants!$C:$C, 0), 0),0)) | O44: =IF($A44="","", SUM($H44:$K44)) | P44: =IF($A44="","", $O44/60) | Q44: =IF($A44="","", $P44*IFERROR(IF(XLOOKUP('Job Control'!$B$3, INPUT_JobSettings!$A:$A, INPUT_JobSettings!$F:$F, "")<>"", XLOOKUP('Job Control'!$B$3, INPUT_JobSettings!$A:$A, INPUT_JobSettings!$F:$F, ""), $B$6), $B$6)) | R44: =IF($A44="","", ($Q44+$N44)*IFERROR(IF(XLOOKUP('Job Control'!$B$3, INPUT_JobSettings!$A:$A, INPUT_JobSettings!$G:$G, "")<>"", XLOOKUP('Job Control'!$B$3, INPUT_JobSettings!$A:$A, INPUT_JobSettings!$G:$G, ""), $B$7), $B$7)) | S44: =IF($A44="","", XLOOKUP($A44, INPUT_Rooms!$B:$B, INPUT_Rooms!$AH:$AH, ""))
A45: =IFERROR(INDEX(FILTER(INPUT_Rooms!$B$4:$B$83, INPUT_Rooms!$A$4:$A$83=$B$4, INPUT_Rooms!$K$4:$K$83="Y"), 35), "") | B45: =IF(A45="","", XLOOKUP(A45, FILTER(INPUT_Rooms!$B$4:$B$83, INPUT_Rooms!$A$4:$A$83=$B$4), FILTER(INPUT_Rooms!$C$4:$C$83, INPUT_Rooms!$A$4:$A$83=$B$4), "")) | C45: =IF(A45="","", "Y") | D45: =IF(A45="","", XLOOKUP(A45, INPUT_Rooms!$B:$B, INPUT_Rooms!$AD:$AD, "")) | E45: =IF(A45="","", XLOOKUP(A45, INPUT_Rooms!$B:$B, INPUT_Rooms!$L:$L, "")) | F45: =IF(A45="","", XLOOKUP(A45, INPUT_Rooms!$B:$B, INPUT_Rooms!$M:$M, "")) | G45: =IF(A45="","", IF(XLOOKUP(A45, INPUT_Rooms!$B:$B, INPUT_Rooms!$N:$N, "")="", $B$5, XLOOKUP(A45, INPUT_Rooms!$B:$B, INPUT_Rooms!$N:$N, ""))) | H45: =IF(A45="","", D45*XLOOKUP("PrepMinsPerSqft",Constants!$A$20:$A$40,Constants!$B$20:$B$40)*XLOOKUP(G45,Constants!$E$10:$E$30,Constants!$F$10:$F$30)) | I45: =IF(A45="","", D45*XLOOKUP("PaintMinsPerSqftPerCoat",Constants!$A$20:$A$40,Constants!$B$20:$B$40)*F45) | J45: =IF(A45="","", IF(E45="Full", D45*XLOOKUP("PrimerFullMinsPerSqft",Constants!$A$20:$A$40,Constants!$B$20:$B$40), IF(E45="Spot", D45*XLOOKUP("PrimerFullMinsPerSqft",Constants!$A$20:$A$40,Constants!$B$20:$B$40)*XLOOKUP("PrimerSpotFactor",Constants!$A$20:$A$40,Constants!$B$20:$B$40), 0))) | K45: =IF(A45="","", SUMPRODUCT((INPUT_Openings!$A:$A=$B$4)*(INPUT_Openings!$B:$B=A45)*(INPUT_Openings!$D:$D)*INPUT_Openings!$F:$F)) | L45: =IF($A45="","",IF($D45="", "",IFERROR(CEILING( ($D45*$F45) / IFERROR(XLOOKUP(XLOOKUP('Job Control'!$B$3, INPUT_JobSettings!$A:$A, INPUT_JobSettings!$B:$B, ""), Constants!$A:$A, Constants!$D:$D, ""), ""), 0.25), ""))) | M45: =IF($A45="","",IF($E45="None",0,IF($D45="", "",IFERROR(CEILING( ($D45*IF($E45="Full",1, XLOOKUP("PrimerSpotFactor",Constants!$A$10:$A$60,Constants!$B$10:$B$60))) / IFERROR(XLOOKUP(XLOOKUP('Job Control'!$B$3, INPUT_JobSettings!$A:$A, INPUT_JobSettings!$E:$E, ""), Constants!$A:$A, Constants!$D:$D, ""), ""), 0.25), "")))) | N45: =IF($A45="","",IFERROR($L45*IFERROR(XLOOKUP(XLOOKUP('Job Control'!$B$3, INPUT_JobSettings!$A:$A, INPUT_JobSettings!$B:$B, ""), Constants!$A:$A, Constants!$C:$C, 0), 0) + $M45*IFERROR(XLOOKUP(XLOOKUP('Job Control'!$B$3, INPUT_JobSettings!$A:$A, INPUT_JobSettings!$E:$E, ""), Constants!$A:$A, Constants!$C:$C, 0), 0),0)) | O45: =IF($A45="","", SUM($H45:$K45)) | P45: =IF($A45="","", $O45/60) | Q45: =IF($A45="","", $P45*IFERROR(IF(XLOOKUP('Job Control'!$B$3, INPUT_JobSettings!$A:$A, INPUT_JobSettings!$F:$F, "")<>"", XLOOKUP('Job Control'!$B$3, INPUT_JobSettings!$A:$A, INPUT_JobSettings!$F:$F, ""), $B$6), $B$6)) | R45: =IF($A45="","", ($Q45+$N45)*IFERROR(IF(XLOOKUP('Job Control'!$B$3, INPUT_JobSettings!$A:$A, INPUT_JobSettings!$G:$G, "")<>"", XLOOKUP('Job Control'!$B$3, INPUT_JobSettings!$A:$A, INPUT_JobSettings!$G:$G, ""), $B$7), $B$7)) | S45: =IF($A45="","", XLOOKUP($A45, INPUT_Rooms!$B:$B, INPUT_Rooms!$AH:$AH, ""))
A46: =IFERROR(INDEX(FILTER(INPUT_Rooms!$B$4:$B$83, INPUT_Rooms!$A$4:$A$83=$B$4, INPUT_Rooms!$K$4:$K$83="Y"), 36), "") | B46: =IF(A46="","", XLOOKUP(A46, FILTER(INPUT_Rooms!$B$4:$B$83, INPUT_Rooms!$A$4:$A$83=$B$4), FILTER(INPUT_Rooms!$C$4:$C$83, INPUT_Rooms!$A$4:$A$83=$B$4), "")) | C46: =IF(A46="","", "Y") | D46: =IF(A46="","", XLOOKUP(A46, INPUT_Rooms!$B:$B, INPUT_Rooms!$AD:$AD, "")) | E46: =IF(A46="","", XLOOKUP(A46, INPUT_Rooms!$B:$B, INPUT_Rooms!$L:$L, "")) | F46: =IF(A46="","", XLOOKUP(A46, INPUT_Rooms!$B:$B, INPUT_Rooms!$M:$M, "")) | G46: =IF(A46="","", IF(XLOOKUP(A46, INPUT_Rooms!$B:$B, INPUT_Rooms!$N:$N, "")="", $B$5, XLOOKUP(A46, INPUT_Rooms!$B:$B, INPUT_Rooms!$N:$N, ""))) | H46: =IF(A46="","", D46*XLOOKUP("PrepMinsPerSqft",Constants!$A$20:$A$40,Constants!$B$20:$B$40)*XLOOKUP(G46,Constants!$E$10:$E$30,Constants!$F$10:$F$30)) | I46: =IF(A46="","", D46*XLOOKUP("PaintMinsPerSqftPerCoat",Constants!$A$20:$A$40,Constants!$B$20:$B$40)*F46) | J46: =IF(A46="","", IF(E46="Full", D46*XLOOKUP("PrimerFullMinsPerSqft",Constants!$A$20:$A$40,Constants!$B$20:$B$40), IF(E46="Spot", D46*XLOOKUP("PrimerFullMinsPerSqft",Constants!$A$20:$A$40,Constants!$B$20:$B$40)*XLOOKUP("PrimerSpotFactor",Constants!$A$20:$A$40,Constants!$B$20:$B$40), 0))) | K46: =IF(A46="","", SUMPRODUCT((INPUT_Openings!$A:$A=$B$4)*(INPUT_Openings!$B:$B=A46)*(INPUT_Openings!$D:$D)*INPUT_Openings!$F:$F)) | L46: =IF($A46="","",IF($D46="", "",IFERROR(CEILING( ($D46*$F46) / IFERROR(XLOOKUP(XLOOKUP('Job Control'!$B$3, INPUT_JobSettings!$A:$A, INPUT_JobSettings!$B:$B, ""), Constants!$A:$A, Constants!$D:$D, ""), ""), 0.25), ""))) | M46: =IF($A46="","",IF($E46="None",0,IF($D46="", "",IFERROR(CEILING( ($D46*IF($E46="Full",1, XLOOKUP("PrimerSpotFactor",Constants!$A$10:$A$60,Constants!$B$10:$B$60))) / IFERROR(XLOOKUP(XLOOKUP('Job Control'!$B$3, INPUT_JobSettings!$A:$A, INPUT_JobSettings!$E:$E, ""), Constants!$A:$A, Constants!$D:$D, ""), ""), 0.25), "")))) | N46: =IF($A46="","",IFERROR($L46*IFERROR(XLOOKUP(XLOOKUP('Job Control'!$B$3, INPUT_JobSettings!$A:$A, INPUT_JobSettings!$B:$B, ""), Constants!$A:$A, Constants!$C:$C, 0), 0) + $M46*IFERROR(XLOOKUP(XLOOKUP('Job Control'!$B$3, INPUT_JobSettings!$A:$A, INPUT_JobSettings!$E:$E, ""), Constants!$A:$A, Constants!$C:$C, 0), 0),0)) | O46: =IF($A46="","", SUM($H46:$K46)) | P46: =IF($A46="","", $O46/60) | Q46: =IF($A46="","", $P46*IFERROR(IF(XLOOKUP('Job Control'!$B$3, INPUT_JobSettings!$A:$A, INPUT_JobSettings!$F:$F, "")<>"", XLOOKUP('Job Control'!$B$3, INPUT_JobSettings!$A:$A, INPUT_JobSettings!$F:$F, ""), $B$6), $B$6)) | R46: =IF($A46="","", ($Q46+$N46)*IFERROR(IF(XLOOKUP('Job Control'!$B$3, INPUT_JobSettings!$A:$A, INPUT_JobSettings!$G:$G, "")<>"", XLOOKUP('Job Control'!$B$3, INPUT_JobSettings!$A:$A, INPUT_JobSettings!$G:$G, ""), $B$7), $B$7)) | S46: =IF($A46="","", XLOOKUP($A46, INPUT_Rooms!$B:$B, INPUT_Rooms!$AH:$AH, ""))
A47: =IFERROR(INDEX(FILTER(INPUT_Rooms!$B$4:$B$83, INPUT_Rooms!$A$4:$A$83=$B$4, INPUT_Rooms!$K$4:$K$83="Y"), 37), "") | B47: =IF(A47="","", XLOOKUP(A47, FILTER(INPUT_Rooms!$B$4:$B$83, INPUT_Rooms!$A$4:$A$83=$B$4), FILTER(INPUT_Rooms!$C$4:$C$83, INPUT_Rooms!$A$4:$A$83=$B$4), "")) | C47: =IF(A47="","", "Y") | D47: =IF(A47="","", XLOOKUP(A47, INPUT_Rooms!$B:$B, INPUT_Rooms!$AD:$AD, "")) | E47: =IF(A47="","", XLOOKUP(A47, INPUT_Rooms!$B:$B, INPUT_Rooms!$L:$L, "")) | F47: =IF(A47="","", XLOOKUP(A47, INPUT_Rooms!$B:$B, INPUT_Rooms!$M:$M, "")) | G47: =IF(A47="","", IF(XLOOKUP(A47, INPUT_Rooms!$B:$B, INPUT_Rooms!$N:$N, "")="", $B$5, XLOOKUP(A47, INPUT_Rooms!$B:$B, INPUT_Rooms!$N:$N, ""))) | H47: =IF(A47="","", D47*XLOOKUP("PrepMinsPerSqft",Constants!$A$20:$A$40,Constants!$B$20:$B$40)*XLOOKUP(G47,Constants!$E$10:$E$30,Constants!$F$10:$F$30)) | I47: =IF(A47="","", D47*XLOOKUP("PaintMinsPerSqftPerCoat",Constants!$A$20:$A$40,Constants!$B$20:$B$40)*F47) | J47: =IF(A47="","", IF(E47="Full", D47*XLOOKUP("PrimerFullMinsPerSqft",Constants!$A$20:$A$40,Constants!$B$20:$B$40), IF(E47="Spot", D47*XLOOKUP("PrimerFullMinsPerSqft",Constants!$A$20:$A$40,Constants!$B$20:$B$40)*XLOOKUP("PrimerSpotFactor",Constants!$A$20:$A$40,Constants!$B$20:$B$40), 0))) | K47: =IF(A47="","", SUMPRODUCT((INPUT_Openings!$A:$A=$B$4)*(INPUT_Openings!$B:$B=A47)*(INPUT_Openings!$D:$D)*INPUT_Openings!$F:$F)) | L47: =IF($A47="","",IF($D47="", "",IFERROR(CEILING( ($D47*$F47) / IFERROR(XLOOKUP(XLOOKUP('Job Control'!$B$3, INPUT_JobSettings!$A:$A, INPUT_JobSettings!$B:$B, ""), Constants!$A:$A, Constants!$D:$D, ""), ""), 0.25), ""))) | M47: =IF($A47="","",IF($E47="None",0,IF($D47="", "",IFERROR(CEILING( ($D47*IF($E47="Full",1, XLOOKUP("PrimerSpotFactor",Constants!$A$10:$A$60,Constants!$B$10:$B$60))) / IFERROR(XLOOKUP(XLOOKUP('Job Control'!$B$3, INPUT_JobSettings!$A:$A, INPUT_JobSettings!$E:$E, ""), Constants!$A:$A, Constants!$D:$D, ""), ""), 0.25), "")))) | N47: =IF($A47="","",IFERROR($L47*IFERROR(XLOOKUP(XLOOKUP('Job Control'!$B$3, INPUT_JobSettings!$A:$A, INPUT_JobSettings!$B:$B, ""), Constants!$A:$A, Constants!$C:$C, 0), 0) + $M47*IFERROR(XLOOKUP(XLOOKUP('Job Control'!$B$3, INPUT_JobSettings!$A:$A, INPUT_JobSettings!$E:$E, ""), Constants!$A:$A, Constants!$C:$C, 0), 0),0)) | O47: =IF($A47="","", SUM($H47:$K47)) | P47: =IF($A47="","", $O47/60) | Q47: =IF($A47="","", $P47*IFERROR(IF(XLOOKUP('Job Control'!$B$3, INPUT_JobSettings!$A:$A, INPUT_JobSettings!$F:$F, "")<>"", XLOOKUP('Job Control'!$B$3, INPUT_JobSettings!$A:$A, INPUT_JobSettings!$F:$F, ""), $B$6), $B$6)) | R47: =IF($A47="","", ($Q47+$N47)*IFERROR(IF(XLOOKUP('Job Control'!$B$3, INPUT_JobSettings!$A:$A, INPUT_JobSettings!$G:$G, "")<>"", XLOOKUP('Job Control'!$B$3, INPUT_JobSettings!$A:$A, INPUT_JobSettings!$G:$G, ""), $B$7), $B$7)) | S47: =IF($A47="","", XLOOKUP($A47, INPUT_Rooms!$B:$B, INPUT_Rooms!$AH:$AH, ""))
A48: =IFERROR(INDEX(FILTER(INPUT_Rooms!$B$4:$B$83, INPUT_Rooms!$A$4:$A$83=$B$4, INPUT_Rooms!$K$4:$K$83="Y"), 38), "") | B48: =IF(A48="","", XLOOKUP(A48, FILTER(INPUT_Rooms!$B$4:$B$83, INPUT_Rooms!$A$4:$A$83=$B$4), FILTER(INPUT_Rooms!$C$4:$C$83, INPUT_Rooms!$A$4:$A$83=$B$4), "")) | C48: =IF(A48="","", "Y") | D48: =IF(A48="","", XLOOKUP(A48, INPUT_Rooms!$B:$B, INPUT_Rooms!$AD:$AD, "")) | E48: =IF(A48="","", XLOOKUP(A48, INPUT_Rooms!$B:$B, INPUT_Rooms!$L:$L, "")) | F48: =IF(A48="","", XLOOKUP(A48, INPUT_Rooms!$B:$B, INPUT_Rooms!$M:$M, "")) | G48: =IF(A48="","", IF(XLOOKUP(A48, INPUT_Rooms!$B:$B, INPUT_Rooms!$N:$N, "")="", $B$5, XLOOKUP(A48, INPUT_Rooms!$B:$B, INPUT_Rooms!$N:$N, ""))) | H48: =IF(A48="","", D48*XLOOKUP("PrepMinsPerSqft",Constants!$A$20:$A$40,Constants!$B$20:$B$40)*XLOOKUP(G48,Constants!$E$10:$E$30,Constants!$F$10:$F$30)) | I48: =IF(A48="","", D48*XLOOKUP("PaintMinsPerSqftPerCoat",Constants!$A$20:$A$40,Constants!$B$20:$B$40)*F48) | J48: =IF(A48="","", IF(E48="Full", D48*XLOOKUP("PrimerFullMinsPerSqft",Constants!$A$20:$A$40,Constants!$B$20:$B$40), IF(E48="Spot", D48*XLOOKUP("PrimerFullMinsPerSqft",Constants!$A$20:$A$40,Constants!$B$20:$B$40)*XLOOKUP("PrimerSpotFactor",Constants!$A$20:$A$40,Constants!$B$20:$B$40), 0))) | K48: =IF(A48="","", SUMPRODUCT((INPUT_Openings!$A:$A=$B$4)*(INPUT_Openings!$B:$B=A48)*(INPUT_Openings!$D:$D)*INPUT_Openings!$F:$F)) | L48: =IF($A48="","",IF($D48="", "",IFERROR(CEILING( ($D48*$F48) / IFERROR(XLOOKUP(XLOOKUP('Job Control'!$B$3, INPUT_JobSettings!$A:$A, INPUT_JobSettings!$B:$B, ""), Constants!$A:$A, Constants!$D:$D, ""), ""), 0.25), ""))) | M48: =IF($A48="","",IF($E48="None",0,IF($D48="", "",IFERROR(CEILING( ($D48*IF($E48="Full",1, XLOOKUP("PrimerSpotFactor",Constants!$A$10:$A$60,Constants!$B$10:$B$60))) / IFERROR(XLOOKUP(XLOOKUP('Job Control'!$B$3, INPUT_JobSettings!$A:$A, INPUT_JobSettings!$E:$E, ""), Constants!$A:$A, Constants!$D:$D, ""), ""), 0.25), "")))) | N48: =IF($A48="","",IFERROR($L48*IFERROR(XLOOKUP(XLOOKUP('Job Control'!$B$3, INPUT_JobSettings!$A:$A, INPUT_JobSettings!$B:$B, ""), Constants!$A:$A, Constants!$C:$C, 0), 0) + $M48*IFERROR(XLOOKUP(XLOOKUP('Job Control'!$B$3, INPUT_JobSettings!$A:$A, INPUT_JobSettings!$E:$E, ""), Constants!$A:$A, Constants!$C:$C, 0), 0),0)) | O48: =IF($A48="","", SUM($H48:$K48)) | P48: =IF($A48="","", $O48/60) | Q48: =IF($A48="","", $P48*IFERROR(IF(XLOOKUP('Job Control'!$B$3, INPUT_JobSettings!$A:$A, INPUT_JobSettings!$F:$F, "")<>"", XLOOKUP('Job Control'!$B$3, INPUT_JobSettings!$A:$A, INPUT_JobSettings!$F:$F, ""), $B$6), $B$6)) | R48: =IF($A48="","", ($Q48+$N48)*IFERROR(IF(XLOOKUP('Job Control'!$B$3, INPUT_JobSettings!$A:$A, INPUT_JobSettings!$G:$G, "")<>"", XLOOKUP('Job Control'!$B$3, INPUT_JobSettings!$A:$A, INPUT_JobSettings!$G:$G, ""), $B$7), $B$7)) | S48: =IF($A48="","", XLOOKUP($A48, INPUT_Rooms!$B:$B, INPUT_Rooms!$AH:$AH, ""))
A49: =IFERROR(INDEX(FILTER(INPUT_Rooms!$B$4:$B$83, INPUT_Rooms!$A$4:$A$83=$B$4, INPUT_Rooms!$K$4:$K$83="Y"), 39), "") | B49: =IF(A49="","", XLOOKUP(A49, FILTER(INPUT_Rooms!$B$4:$B$83, INPUT_Rooms!$A$4:$A$83=$B$4), FILTER(INPUT_Rooms!$C$4:$C$83, INPUT_Rooms!$A$4:$A$83=$B$4), "")) | C49: =IF(A49="","", "Y") | D49: =IF(A49="","", XLOOKUP(A49, INPUT_Rooms!$B:$B, INPUT_Rooms!$AD:$AD, "")) | E49: =IF(A49="","", XLOOKUP(A49, INPUT_Rooms!$B:$B, INPUT_Rooms!$L:$L, "")) | F49: =IF(A49="","", XLOOKUP(A49, INPUT_Rooms!$B:$B, INPUT_Rooms!$M:$M, "")) | G49: =IF(A49="","", IF(XLOOKUP(A49, INPUT_Rooms!$B:$B, INPUT_Rooms!$N:$N, "")="", $B$5, XLOOKUP(A49, INPUT_Rooms!$B:$B, INPUT_Rooms!$N:$N, ""))) | H49: =IF(A49="","", D49*XLOOKUP("PrepMinsPerSqft",Constants!$A$20:$A$40,Constants!$B$20:$B$40)*XLOOKUP(G49,Constants!$E$10:$E$30,Constants!$F$10:$F$30)) | I49: =IF(A49="","", D49*XLOOKUP("PaintMinsPerSqftPerCoat",Constants!$A$20:$A$40,Constants!$B$20:$B$40)*F49) | J49: =IF(A49="","", IF(E49="Full", D49*XLOOKUP("PrimerFullMinsPerSqft",Constants!$A$20:$A$40,Constants!$B$20:$B$40), IF(E49="Spot", D49*XLOOKUP("PrimerFullMinsPerSqft",Constants!$A$20:$A$40,Constants!$B$20:$B$40)*XLOOKUP("PrimerSpotFactor",Constants!$A$20:$A$40,Constants!$B$20:$B$40), 0))) | K49: =IF(A49="","", SUMPRODUCT((INPUT_Openings!$A:$A=$B$4)*(INPUT_Openings!$B:$B=A49)*(INPUT_Openings!$D:$D)*INPUT_Openings!$F:$F)) | L49: =IF($A49="","",IF($D49="", "",IFERROR(CEILING( ($D49*$F49) / IFERROR(XLOOKUP(XLOOKUP('Job Control'!$B$3, INPUT_JobSettings!$A:$A, INPUT_JobSettings!$B:$B, ""), Constants!$A:$A, Constants!$D:$D, ""), ""), 0.25), ""))) | M49: =IF($A49="","",IF($E49="None",0,IF($D49="", "",IFERROR(CEILING( ($D49*IF($E49="Full",1, XLOOKUP("PrimerSpotFactor",Constants!$A$10:$A$60,Constants!$B$10:$B$60))) / IFERROR(XLOOKUP(XLOOKUP('Job Control'!$B$3, INPUT_JobSettings!$A:$A, INPUT_JobSettings!$E:$E, ""), Constants!$A:$A, Constants!$D:$D, ""), ""), 0.25), "")))) | N49: =IF($A49="","",IFERROR($L49*IFERROR(XLOOKUP(XLOOKUP('Job Control'!$B$3, INPUT_JobSettings!$A:$A, INPUT_JobSettings!$B:$B, ""), Constants!$A:$A, Constants!$C:$C, 0), 0) + $M49*IFERROR(XLOOKUP(XLOOKUP('Job Control'!$B$3, INPUT_JobSettings!$A:$A, INPUT_JobSettings!$E:$E, ""), Constants!$A:$A, Constants!$C:$C, 0), 0),0)) | O49: =IF($A49="","", SUM($H49:$K49)) | P49: =IF($A49="","", $O49/60) | Q49: =IF($A49="","", $P49*IFERROR(IF(XLOOKUP('Job Control'!$B$3, INPUT_JobSettings!$A:$A, INPUT_JobSettings!$F:$F, "")<>"", XLOOKUP('Job Control'!$B$3, INPUT_JobSettings!$A:$A, INPUT_JobSettings!$F:$F, ""), $B$6), $B$6)) | R49: =IF($A49="","", ($Q49+$N49)*IFERROR(IF(XLOOKUP('Job Control'!$B$3, INPUT_JobSettings!$A:$A, INPUT_JobSettings!$G:$G, "")<>"", XLOOKUP('Job Control'!$B$3, INPUT_JobSettings!$A:$A, INPUT_JobSettings!$G:$G, ""), $B$7), $B$7)) | S49: =IF($A49="","", XLOOKUP($A49, INPUT_Rooms!$B:$B, INPUT_Rooms!$AH:$AH, ""))
A50: =IFERROR(INDEX(FILTER(INPUT_Rooms!$B$4:$B$83, INPUT_Rooms!$A$4:$A$83=$B$4, INPUT_Rooms!$K$4:$K$83="Y"), 40), "") | B50: =IF(A50="","", XLOOKUP(A50, FILTER(INPUT_Rooms!$B$4:$B$83, INPUT_Rooms!$A$4:$A$83=$B$4), FILTER(INPUT_Rooms!$C$4:$C$83, INPUT_Rooms!$A$4:$A$83=$B$4), "")) | C50: =IF(A50="","", "Y") | D50: =IF(A50="","", XLOOKUP(A50, INPUT_Rooms!$B:$B, INPUT_Rooms!$AD:$AD, "")) | E50: =IF(A50="","", XLOOKUP(A50, INPUT_Rooms!$B:$B, INPUT_Rooms!$L:$L, "")) | F50: =IF(A50="","", XLOOKUP(A50, INPUT_Rooms!$B:$B, INPUT_Rooms!$M:$M, "")) | G50: =IF(A50="","", IF(XLOOKUP(A50, INPUT_Rooms!$B:$B, INPUT_Rooms!$N:$N, "")="", $B$5, XLOOKUP(A50, INPUT_Rooms!$B:$B, INPUT_Rooms!$N:$N, ""))) | H50: =IF(A50="","", D50*XLOOKUP("PrepMinsPerSqft",Constants!$A$20:$A$40,Constants!$B$20:$B$40)*XLOOKUP(G50,Constants!$E$10:$E$30,Constants!$F$10:$F$30)) | I50: =IF(A50="","", D50*XLOOKUP("PaintMinsPerSqftPerCoat",Constants!$A$20:$A$40,Constants!$B$20:$B$40)*F50) | J50: =IF(A50="","", IF(E50="Full", D50*XLOOKUP("PrimerFullMinsPerSqft",Constants!$A$20:$A$40,Constants!$B$20:$B$40), IF(E50="Spot", D50*XLOOKUP("PrimerFullMinsPerSqft",Constants!$A$20:$A$40,Constants!$B$20:$B$40)*XLOOKUP("PrimerSpotFactor",Constants!$A$20:$A$40,Constants!$B$20:$B$40), 0))) | K50: =IF(A50="","", SUMPRODUCT((INPUT_Openings!$A:$A=$B$4)*(INPUT_Openings!$B:$B=A50)*(INPUT_Openings!$D:$D)*INPUT_Openings!$F:$F)) | L50: =IF($A50="","",IF($D50="", "",IFERROR(CEILING( ($D50*$F50) / IFERROR(XLOOKUP(XLOOKUP('Job Control'!$B$3, INPUT_JobSettings!$A:$A, INPUT_JobSettings!$B:$B, ""), Constants!$A:$A, Constants!$D:$D, ""), ""), 0.25), ""))) | M50: =IF($A50="","",IF($E50="None",0,IF($D50="", "",IFERROR(CEILING( ($D50*IF($E50="Full",1, XLOOKUP("PrimerSpotFactor",Constants!$A$10:$A$60,Constants!$B$10:$B$60))) / IFERROR(XLOOKUP(XLOOKUP('Job Control'!$B$3, INPUT_JobSettings!$A:$A, INPUT_JobSettings!$E:$E, ""), Constants!$A:$A, Constants!$D:$D, ""), ""), 0.25), "")))) | N50: =IF($A50="","",IFERROR($L50*IFERROR(XLOOKUP(XLOOKUP('Job Control'!$B$3, INPUT_JobSettings!$A:$A, INPUT_JobSettings!$B:$B, ""), Constants!$A:$A, Constants!$C:$C, 0), 0) + $M50*IFERROR(XLOOKUP(XLOOKUP('Job Control'!$B$3, INPUT_JobSettings!$A:$A, INPUT_JobSettings!$E:$E, ""), Constants!$A:$A, Constants!$C:$C, 0), 0),0)) | O50: =IF($A50="","", SUM($H50:$K50)) | P50: =IF($A50="","", $O50/60) | Q50: =IF($A50="","", $P50*IFERROR(IF(XLOOKUP('Job Control'!$B$3, INPUT_JobSettings!$A:$A, INPUT_JobSettings!$F:$F, "")<>"", XLOOKUP('Job Control'!$B$3, INPUT_JobSettings!$A:$A, INPUT_JobSettings!$F:$F, ""), $B$6), $B$6)) | R50: =IF($A50="","", ($Q50+$N50)*IFERROR(IF(XLOOKUP('Job Control'!$B$3, INPUT_JobSettings!$A:$A, INPUT_JobSettings!$G:$G, "")<>"", XLOOKUP('Job Control'!$B$3, INPUT_JobSettings!$A:$A, INPUT_JobSettings!$G:$G, ""), $B$7), $B$7)) | S50: =IF($A50="","", XLOOKUP($A50, INPUT_Rooms!$B:$B, INPUT_Rooms!$AH:$AH, ""))
A51: =IFERROR(INDEX(FILTER(INPUT_Rooms!$B$4:$B$83, INPUT_Rooms!$A$4:$A$83=$B$4, INPUT_Rooms!$K$4:$K$83="Y"), 41), "") | B51: =IF(A51="","", XLOOKUP(A51, FILTER(INPUT_Rooms!$B$4:$B$83, INPUT_Rooms!$A$4:$A$83=$B$4), FILTER(INPUT_Rooms!$C$4:$C$83, INPUT_Rooms!$A$4:$A$83=$B$4), "")) | C51: =IF(A51="","", "Y") | D51: =IF(A51="","", XLOOKUP(A51, INPUT_Rooms!$B:$B, INPUT_Rooms!$AD:$AD, "")) | E51: =IF(A51="","", XLOOKUP(A51, INPUT_Rooms!$B:$B, INPUT_Rooms!$L:$L, "")) | F51: =IF(A51="","", XLOOKUP(A51, INPUT_Rooms!$B:$B, INPUT_Rooms!$M:$M, "")) | G51: =IF(A51="","", IF(XLOOKUP(A51, INPUT_Rooms!$B:$B, INPUT_Rooms!$N:$N, "")="", $B$5, XLOOKUP(A51, INPUT_Rooms!$B:$B, INPUT_Rooms!$N:$N, ""))) | H51: =IF(A51="","", D51*XLOOKUP("PrepMinsPerSqft",Constants!$A$20:$A$40,Constants!$B$20:$B$40)*XLOOKUP(G51,Constants!$E$10:$E$30,Constants!$F$10:$F$30)) | I51: =IF(A51="","", D51*XLOOKUP("PaintMinsPerSqftPerCoat",Constants!$A$20:$A$40,Constants!$B$20:$B$40)*F51) | J51: =IF(A51="","", IF(E51="Full", D51*XLOOKUP("PrimerFullMinsPerSqft",Constants!$A$20:$A$40,Constants!$B$20:$B$40), IF(E51="Spot", D51*XLOOKUP("PrimerFullMinsPerSqft",Constants!$A$20:$A$40,Constants!$B$20:$B$40)*XLOOKUP("PrimerSpotFactor",Constants!$A$20:$A$40,Constants!$B$20:$B$40), 0))) | K51: =IF(A51="","", SUMPRODUCT((INPUT_Openings!$A:$A=$B$4)*(INPUT_Openings!$B:$B=A51)*(INPUT_Openings!$D:$D)*INPUT_Openings!$F:$F)) | L51: =IF($A51="","",IF($D51="", "",IFERROR(CEILING( ($D51*$F51) / IFERROR(XLOOKUP(XLOOKUP('Job Control'!$B$3, INPUT_JobSettings!$A:$A, INPUT_JobSettings!$B:$B, ""), Constants!$A:$A, Constants!$D:$D, ""), ""), 0.25), ""))) | M51: =IF($A51="","",IF($E51="None",0,IF($D51="", "",IFERROR(CEILING( ($D51*IF($E51="Full",1, XLOOKUP("PrimerSpotFactor",Constants!$A$10:$A$60,Constants!$B$10:$B$60))) / IFERROR(XLOOKUP(XLOOKUP('Job Control'!$B$3, INPUT_JobSettings!$A:$A, INPUT_JobSettings!$E:$E, ""), Constants!$A:$A, Constants!$D:$D, ""), ""), 0.25), "")))) | N51: =IF($A51="","",IFERROR($L51*IFERROR(XLOOKUP(XLOOKUP('Job Control'!$B$3, INPUT_JobSettings!$A:$A, INPUT_JobSettings!$B:$B, ""), Constants!$A:$A, Constants!$C:$C, 0), 0) + $M51*IFERROR(XLOOKUP(XLOOKUP('Job Control'!$B$3, INPUT_JobSettings!$A:$A, INPUT_JobSettings!$E:$E, ""), Constants!$A:$A, Constants!$C:$C, 0), 0),0)) | O51: =IF($A51="","", SUM($H51:$K51)) | P51: =IF($A51="","", $O51/60) | Q51: =IF($A51="","", $P51*IFERROR(IF(XLOOKUP('Job Control'!$B$3, INPUT_JobSettings!$A:$A, INPUT_JobSettings!$F:$F, "")<>"", XLOOKUP('Job Control'!$B$3, INPUT_JobSettings!$A:$A, INPUT_JobSettings!$F:$F, ""), $B$6), $B$6)) | R51: =IF($A51="","", ($Q51+$N51)*IFERROR(IF(XLOOKUP('Job Control'!$B$3, INPUT_JobSettings!$A:$A, INPUT_JobSettings!$G:$G, "")<>"", XLOOKUP('Job Control'!$B$3, INPUT_JobSettings!$A:$A, INPUT_JobSettings!$G:$G, ""), $B$7), $B$7)) | S51: =IF($A51="","", XLOOKUP($A51, INPUT_Rooms!$B:$B, INPUT_Rooms!$AH:$AH, ""))
A52: =IFERROR(INDEX(FILTER(INPUT_Rooms!$B$4:$B$83, INPUT_Rooms!$A$4:$A$83=$B$4, INPUT_Rooms!$K$4:$K$83="Y"), 42), "") | B52: =IF(A52="","", XLOOKUP(A52, FILTER(INPUT_Rooms!$B$4:$B$83, INPUT_Rooms!$A$4:$A$83=$B$4), FILTER(INPUT_Rooms!$C$4:$C$83, INPUT_Rooms!$A$4:$A$83=$B$4), "")) | C52: =IF(A52="","", "Y") | D52: =IF(A52="","", XLOOKUP(A52, INPUT_Rooms!$B:$B, INPUT_Rooms!$AD:$AD, "")) | E52: =IF(A52="","", XLOOKUP(A52, INPUT_Rooms!$B:$B, INPUT_Rooms!$L:$L, "")) | F52: =IF(A52="","", XLOOKUP(A52, INPUT_Rooms!$B:$B, INPUT_Rooms!$M:$M, "")) | G52: =IF(A52="","", IF(XLOOKUP(A52, INPUT_Rooms!$B:$B, INPUT_Rooms!$N:$N, "")="", $B$5, XLOOKUP(A52, INPUT_Rooms!$B:$B, INPUT_Rooms!$N:$N, ""))) | H52: =IF(A52="","", D52*XLOOKUP("PrepMinsPerSqft",Constants!$A$20:$A$40,Constants!$B$20:$B$40)*XLOOKUP(G52,Constants!$E$10:$E$30,Constants!$F$10:$F$30)) | I52: =IF(A52="","", D52*XLOOKUP("PaintMinsPerSqftPerCoat",Constants!$A$20:$A$40,Constants!$B$20:$B$40)*F52) | J52: =IF(A52="","", IF(E52="Full", D52*XLOOKUP("PrimerFullMinsPerSqft",Constants!$A$20:$A$40,Constants!$B$20:$B$40), IF(E52="Spot", D52*XLOOKUP("PrimerFullMinsPerSqft",Constants!$A$20:$A$40,Constants!$B$20:$B$40)*XLOOKUP("PrimerSpotFactor",Constants!$A$20:$A$40,Constants!$B$20:$B$40), 0))) | K52: =IF(A52="","", SUMPRODUCT((INPUT_Openings!$A:$A=$B$4)*(INPUT_Openings!$B:$B=A52)*(INPUT_Openings!$D:$D)*INPUT_Openings!$F:$F)) | L52: =IF($A52="","",IF($D52="", "",IFERROR(CEILING( ($D52*$F52) / IFERROR(XLOOKUP(XLOOKUP('Job Control'!$B$3, INPUT_JobSettings!$A:$A, INPUT_JobSettings!$B:$B, ""), Constants!$A:$A, Constants!$D:$D, ""), ""), 0.25), ""))) | M52: =IF($A52="","",IF($E52="None",0,IF($D52="", "",IFERROR(CEILING( ($D52*IF($E52="Full",1, XLOOKUP("PrimerSpotFactor",Constants!$A$10:$A$60,Constants!$B$10:$B$60))) / IFERROR(XLOOKUP(XLOOKUP('Job Control'!$B$3, INPUT_JobSettings!$A:$A, INPUT_JobSettings!$E:$E, ""), Constants!$A:$A, Constants!$D:$D, ""), ""), 0.25), "")))) | N52: =IF($A52="","",IFERROR($L52*IFERROR(XLOOKUP(XLOOKUP('Job Control'!$B$3, INPUT_JobSettings!$A:$A, INPUT_JobSettings!$B:$B, ""), Constants!$A:$A, Constants!$C:$C, 0), 0) + $M52*IFERROR(XLOOKUP(XLOOKUP('Job Control'!$B$3, INPUT_JobSettings!$A:$A, INPUT_JobSettings!$E:$E, ""), Constants!$A:$A, Constants!$C:$C, 0), 0),0)) | O52: =IF($A52="","", SUM($H52:$K52)) | P52: =IF($A52="","", $O52/60) | Q52: =IF($A52="","", $P52*IFERROR(IF(XLOOKUP('Job Control'!$B$3, INPUT_JobSettings!$A:$A, INPUT_JobSettings!$F:$F, "")<>"", XLOOKUP('Job Control'!$B$3, INPUT_JobSettings!$A:$A, INPUT_JobSettings!$F:$F, ""), $B$6), $B$6)) | R52: =IF($A52="","", ($Q52+$N52)*IFERROR(IF(XLOOKUP('Job Control'!$B$3, INPUT_JobSettings!$A:$A, INPUT_JobSettings!$G:$G, "")<>"", XLOOKUP('Job Control'!$B$3, INPUT_JobSettings!$A:$A, INPUT_JobSettings!$G:$G, ""), $B$7), $B$7)) | S52: =IF($A52="","", XLOOKUP($A52, INPUT_Rooms!$B:$B, INPUT_Rooms!$AH:$AH, ""))
A53: =IFERROR(INDEX(FILTER(INPUT_Rooms!$B$4:$B$83, INPUT_Rooms!$A$4:$A$83=$B$4, INPUT_Rooms!$K$4:$K$83="Y"), 43), "") | B53: =IF(A53="","", XLOOKUP(A53, FILTER(INPUT_Rooms!$B$4:$B$83, INPUT_Rooms!$A$4:$A$83=$B$4), FILTER(INPUT_Rooms!$C$4:$C$83, INPUT_Rooms!$A$4:$A$83=$B$4), "")) | C53: =IF(A53="","", "Y") | D53: =IF(A53="","", XLOOKUP(A53, INPUT_Rooms!$B:$B, INPUT_Rooms!$AD:$AD, "")) | E53: =IF(A53="","", XLOOKUP(A53, INPUT_Rooms!$B:$B, INPUT_Rooms!$L:$L, "")) | F53: =IF(A53="","", XLOOKUP(A53, INPUT_Rooms!$B:$B, INPUT_Rooms!$M:$M, "")) | G53: =IF(A53="","", IF(XLOOKUP(A53, INPUT_Rooms!$B:$B, INPUT_Rooms!$N:$N, "")="", $B$5, XLOOKUP(A53, INPUT_Rooms!$B:$B, INPUT_Rooms!$N:$N, ""))) | H53: =IF(A53="","", D53*XLOOKUP("PrepMinsPerSqft",Constants!$A$20:$A$40,Constants!$B$20:$B$40)*XLOOKUP(G53,Constants!$E$10:$E$30,Constants!$F$10:$F$30)) | I53: =IF(A53="","", D53*XLOOKUP("PaintMinsPerSqftPerCoat",Constants!$A$20:$A$40,Constants!$B$20:$B$40)*F53) | J53: =IF(A53="","", IF(E53="Full", D53*XLOOKUP("PrimerFullMinsPerSqft",Constants!$A$20:$A$40,Constants!$B$20:$B$40), IF(E53="Spot", D53*XLOOKUP("PrimerFullMinsPerSqft",Constants!$A$20:$A$40,Constants!$B$20:$B$40)*XLOOKUP("PrimerSpotFactor",Constants!$A$20:$A$40,Constants!$B$20:$B$40), 0))) | K53: =IF(A53="","", SUMPRODUCT((INPUT_Openings!$A:$A=$B$4)*(INPUT_Openings!$B:$B=A53)*(INPUT_Openings!$D:$D)*INPUT_Openings!$F:$F)) | L53: =IF($A53="","",IF($D53="", "",IFERROR(CEILING( ($D53*$F53) / IFERROR(XLOOKUP(XLOOKUP('Job Control'!$B$3, INPUT_JobSettings!$A:$A, INPUT_JobSettings!$B:$B, ""), Constants!$A:$A, Constants!$D:$D, ""), ""), 0.25), ""))) | M53: =IF($A53="","",IF($E53="None",0,IF($D53="", "",IFERROR(CEILING( ($D53*IF($E53="Full",1, XLOOKUP("PrimerSpotFactor",Constants!$A$10:$A$60,Constants!$B$10:$B$60))) / IFERROR(XLOOKUP(XLOOKUP('Job Control'!$B$3, INPUT_JobSettings!$A:$A, INPUT_JobSettings!$E:$E, ""), Constants!$A:$A, Constants!$D:$D, ""), ""), 0.25), "")))) | N53: =IF($A53="","",IFERROR($L53*IFERROR(XLOOKUP(XLOOKUP('Job Control'!$B$3, INPUT_JobSettings!$A:$A, INPUT_JobSettings!$B:$B, ""), Constants!$A:$A, Constants!$C:$C, 0), 0) + $M53*IFERROR(XLOOKUP(XLOOKUP('Job Control'!$B$3, INPUT_JobSettings!$A:$A, INPUT_JobSettings!$E:$E, ""), Constants!$A:$A, Constants!$C:$C, 0), 0),0)) | O53: =IF($A53="","", SUM($H53:$K53)) | P53: =IF($A53="","", $O53/60) | Q53: =IF($A53="","", $P53*IFERROR(IF(XLOOKUP('Job Control'!$B$3, INPUT_JobSettings!$A:$A, INPUT_JobSettings!$F:$F, "")<>"", XLOOKUP('Job Control'!$B$3, INPUT_JobSettings!$A:$A, INPUT_JobSettings!$F:$F, ""), $B$6), $B$6)) | R53: =IF($A53="","", ($Q53+$N53)*IFERROR(IF(XLOOKUP('Job Control'!$B$3, INPUT_JobSettings!$A:$A, INPUT_JobSettings!$G:$G, "")<>"", XLOOKUP('Job Control'!$B$3, INPUT_JobSettings!$A:$A, INPUT_JobSettings!$G:$G, ""), $B$7), $B$7)) | S53: =IF($A53="","", XLOOKUP($A53, INPUT_Rooms!$B:$B, INPUT_Rooms!$AH:$AH, ""))
A54: =IFERROR(INDEX(FILTER(INPUT_Rooms!$B$4:$B$83, INPUT_Rooms!$A$4:$A$83=$B$4, INPUT_Rooms!$K$4:$K$83="Y"), 44), "") | B54: =IF(A54="","", XLOOKUP(A54, FILTER(INPUT_Rooms!$B$4:$B$83, INPUT_Rooms!$A$4:$A$83=$B$4), FILTER(INPUT_Rooms!$C$4:$C$83, INPUT_Rooms!$A$4:$A$83=$B$4), "")) | C54: =IF(A54="","", "Y") | D54: =IF(A54="","", XLOOKUP(A54, INPUT_Rooms!$B:$B, INPUT_Rooms!$AD:$AD, "")) | E54: =IF(A54="","", XLOOKUP(A54, INPUT_Rooms!$B:$B, INPUT_Rooms!$L:$L, "")) | F54: =IF(A54="","", XLOOKUP(A54, INPUT_Rooms!$B:$B, INPUT_Rooms!$M:$M, "")) | G54: =IF(A54="","", IF(XLOOKUP(A54, INPUT_Rooms!$B:$B, INPUT_Rooms!$N:$N, "")="", $B$5, XLOOKUP(A54, INPUT_Rooms!$B:$B, INPUT_Rooms!$N:$N, ""))) | H54: =IF(A54="","", D54*XLOOKUP("PrepMinsPerSqft",Constants!$A$20:$A$40,Constants!$B$20:$B$40)*XLOOKUP(G54,Constants!$E$10:$E$30,Constants!$F$10:$F$30)) | I54: =IF(A54="","", D54*XLOOKUP("PaintMinsPerSqftPerCoat",Constants!$A$20:$A$40,Constants!$B$20:$B$40)*F54) | J54: =IF(A54="","", IF(E54="Full", D54*XLOOKUP("PrimerFullMinsPerSqft",Constants!$A$20:$A$40,Constants!$B$20:$B$40), IF(E54="Spot", D54*XLOOKUP("PrimerFullMinsPerSqft",Constants!$A$20:$A$40,Constants!$B$20:$B$40)*XLOOKUP("PrimerSpotFactor",Constants!$A$20:$A$40,Constants!$B$20:$B$40), 0))) | K54: =IF(A54="","", SUMPRODUCT((INPUT_Openings!$A:$A=$B$4)*(INPUT_Openings!$B:$B=A54)*(INPUT_Openings!$D:$D)*INPUT_Openings!$F:$F)) | L54: =IF($A54="","",IF($D54="", "",IFERROR(CEILING( ($D54*$F54) / IFERROR(XLOOKUP(XLOOKUP('Job Control'!$B$3, INPUT_JobSettings!$A:$A, INPUT_JobSettings!$B:$B, ""), Constants!$A:$A, Constants!$D:$D, ""), ""), 0.25), ""))) | M54: =IF($A54="","",IF($E54="None",0,IF($D54="", "",IFERROR(CEILING( ($D54*IF($E54="Full",1, XLOOKUP("PrimerSpotFactor",Constants!$A$10:$A$60,Constants!$B$10:$B$60))) / IFERROR(XLOOKUP(XLOOKUP('Job Control'!$B$3, INPUT_JobSettings!$A:$A, INPUT_JobSettings!$E:$E, ""), Constants!$A:$A, Constants!$D:$D, ""), ""), 0.25), "")))) | N54: =IF($A54="","",IFERROR($L54*IFERROR(XLOOKUP(XLOOKUP('Job Control'!$B$3, INPUT_JobSettings!$A:$A, INPUT_JobSettings!$B:$B, ""), Constants!$A:$A, Constants!$C:$C, 0), 0) + $M54*IFERROR(XLOOKUP(XLOOKUP('Job Control'!$B$3, INPUT_JobSettings!$A:$A, INPUT_JobSettings!$E:$E, ""), Constants!$A:$A, Constants!$C:$C, 0), 0),0)) | O54: =IF($A54="","", SUM($H54:$K54)) | P54: =IF($A54="","", $O54/60) | Q54: =IF($A54="","", $P54*IFERROR(IF(XLOOKUP('Job Control'!$B$3, INPUT_JobSettings!$A:$A, INPUT_JobSettings!$F:$F, "")<>"", XLOOKUP('Job Control'!$B$3, INPUT_JobSettings!$A:$A, INPUT_JobSettings!$F:$F, ""), $B$6), $B$6)) | R54: =IF($A54="","", ($Q54+$N54)*IFERROR(IF(XLOOKUP('Job Control'!$B$3, INPUT_JobSettings!$A:$A, INPUT_JobSettings!$G:$G, "")<>"", XLOOKUP('Job Control'!$B$3, INPUT_JobSettings!$A:$A, INPUT_JobSettings!$G:$G, ""), $B$7), $B$7)) | S54: =IF($A54="","", XLOOKUP($A54, INPUT_Rooms!$B:$B, INPUT_Rooms!$AH:$AH, ""))
A55: =IFERROR(INDEX(FILTER(INPUT_Rooms!$B$4:$B$83, INPUT_Rooms!$A$4:$A$83=$B$4, INPUT_Rooms!$K$4:$K$83="Y"), 45), "") | B55: =IF(A55="","", XLOOKUP(A55, FILTER(INPUT_Rooms!$B$4:$B$83, INPUT_Rooms!$A$4:$A$83=$B$4), FILTER(INPUT_Rooms!$C$4:$C$83, INPUT_Rooms!$A$4:$A$83=$B$4), "")) | C55: =IF(A55="","", "Y") | D55: =IF(A55="","", XLOOKUP(A55, INPUT_Rooms!$B:$B, INPUT_Rooms!$AD:$AD, "")) | E55: =IF(A55="","", XLOOKUP(A55, INPUT_Rooms!$B:$B, INPUT_Rooms!$L:$L, "")) | F55: =IF(A55="","", XLOOKUP(A55, INPUT_Rooms!$B:$B, INPUT_Rooms!$M:$M, "")) | G55: =IF(A55="","", IF(XLOOKUP(A55, INPUT_Rooms!$B:$B, INPUT_Rooms!$N:$N, "")="", $B$5, XLOOKUP(A55, INPUT_Rooms!$B:$B, INPUT_Rooms!$N:$N, ""))) | H55: =IF(A55="","", D55*XLOOKUP("PrepMinsPerSqft",Constants!$A$20:$A$40,Constants!$B$20:$B$40)*XLOOKUP(G55,Constants!$E$10:$E$30,Constants!$F$10:$F$30)) | I55: =IF(A55="","", D55*XLOOKUP("PaintMinsPerSqftPerCoat",Constants!$A$20:$A$40,Constants!$B$20:$B$40)*F55) | J55: =IF(A55="","", IF(E55="Full", D55*XLOOKUP("PrimerFullMinsPerSqft",Constants!$A$20:$A$40,Constants!$B$20:$B$40), IF(E55="Spot", D55*XLOOKUP("PrimerFullMinsPerSqft",Constants!$A$20:$A$40,Constants!$B$20:$B$40)*XLOOKUP("PrimerSpotFactor",Constants!$A$20:$A$40,Constants!$B$20:$B$40), 0))) | K55: =IF(A55="","", SUMPRODUCT((INPUT_Openings!$A:$A=$B$4)*(INPUT_Openings!$B:$B=A55)*(INPUT_Openings!$D:$D)*INPUT_Openings!$F:$F)) | L55: =IF($A55="","",IF($D55="", "",IFERROR(CEILING( ($D55*$F55) / IFERROR(XLOOKUP(XLOOKUP('Job Control'!$B$3, INPUT_JobSettings!$A:$A, INPUT_JobSettings!$B:$B, ""), Constants!$A:$A, Constants!$D:$D, ""), ""), 0.25), ""))) | M55: =IF($A55="","",IF($E55="None",0,IF($D55="", "",IFERROR(CEILING( ($D55*IF($E55="Full",1, XLOOKUP("PrimerSpotFactor",Constants!$A$10:$A$60,Constants!$B$10:$B$60))) / IFERROR(XLOOKUP(XLOOKUP('Job Control'!$B$3, INPUT_JobSettings!$A:$A, INPUT_JobSettings!$E:$E, ""), Constants!$A:$A, Constants!$D:$D, ""), ""), 0.25), "")))) | N55: =IF($A55="","",IFERROR($L55*IFERROR(XLOOKUP(XLOOKUP('Job Control'!$B$3, INPUT_JobSettings!$A:$A, INPUT_JobSettings!$B:$B, ""), Constants!$A:$A, Constants!$C:$C, 0), 0) + $M55*IFERROR(XLOOKUP(XLOOKUP('Job Control'!$B$3, INPUT_JobSettings!$A:$A, INPUT_JobSettings!$E:$E, ""), Constants!$A:$A, Constants!$C:$C, 0), 0),0)) | O55: =IF($A55="","", SUM($H55:$K55)) | P55: =IF($A55="","", $O55/60) | Q55: =IF($A55="","", $P55*IFERROR(IF(XLOOKUP('Job Control'!$B$3, INPUT_JobSettings!$A:$A, INPUT_JobSettings!$F:$F, "")<>"", XLOOKUP('Job Control'!$B$3, INPUT_JobSettings!$A:$A, INPUT_JobSettings!$F:$F, ""), $B$6), $B$6)) | R55: =IF($A55="","", ($Q55+$N55)*IFERROR(IF(XLOOKUP('Job Control'!$B$3, INPUT_JobSettings!$A:$A, INPUT_JobSettings!$G:$G, "")<>"", XLOOKUP('Job Control'!$B$3, INPUT_JobSettings!$A:$A, INPUT_JobSettings!$G:$G, ""), $B$7), $B$7)) | S55: =IF($A55="","", XLOOKUP($A55, INPUT_Rooms!$B:$B, INPUT_Rooms!$AH:$AH, ""))
A56: =IFERROR(INDEX(FILTER(INPUT_Rooms!$B$4:$B$83, INPUT_Rooms!$A$4:$A$83=$B$4, INPUT_Rooms!$K$4:$K$83="Y"), 46), "") | B56: =IF(A56="","", XLOOKUP(A56, FILTER(INPUT_Rooms!$B$4:$B$83, INPUT_Rooms!$A$4:$A$83=$B$4), FILTER(INPUT_Rooms!$C$4:$C$83, INPUT_Rooms!$A$4:$A$83=$B$4), "")) | C56: =IF(A56="","", "Y") | D56: =IF(A56="","", XLOOKUP(A56, INPUT_Rooms!$B:$B, INPUT_Rooms!$AD:$AD, "")) | E56: =IF(A56="","", XLOOKUP(A56, INPUT_Rooms!$B:$B, INPUT_Rooms!$L:$L, "")) | F56: =IF(A56="","", XLOOKUP(A56, INPUT_Rooms!$B:$B, INPUT_Rooms!$M:$M, "")) | G56: =IF(A56="","", IF(XLOOKUP(A56, INPUT_Rooms!$B:$B, INPUT_Rooms!$N:$N, "")="", $B$5, XLOOKUP(A56, INPUT_Rooms!$B:$B, INPUT_Rooms!$N:$N, ""))) | H56: =IF(A56="","", D56*XLOOKUP("PrepMinsPerSqft",Constants!$A$20:$A$40,Constants!$B$20:$B$40)*XLOOKUP(G56,Constants!$E$10:$E$30,Constants!$F$10:$F$30)) | I56: =IF(A56="","", D56*XLOOKUP("PaintMinsPerSqftPerCoat",Constants!$A$20:$A$40,Constants!$B$20:$B$40)*F56) | J56: =IF(A56="","", IF(E56="Full", D56*XLOOKUP("PrimerFullMinsPerSqft",Constants!$A$20:$A$40,Constants!$B$20:$B$40), IF(E56="Spot", D56*XLOOKUP("PrimerFullMinsPerSqft",Constants!$A$20:$A$40,Constants!$B$20:$B$40)*XLOOKUP("PrimerSpotFactor",Constants!$A$20:$A$40,Constants!$B$20:$B$40), 0))) | K56: =IF(A56="","", SUMPRODUCT((INPUT_Openings!$A:$A=$B$4)*(INPUT_Openings!$B:$B=A56)*(INPUT_Openings!$D:$D)*INPUT_Openings!$F:$F)) | L56: =IF($A56="","",IF($D56="", "",IFERROR(CEILING( ($D56*$F56) / IFERROR(XLOOKUP(XLOOKUP('Job Control'!$B$3, INPUT_JobSettings!$A:$A, INPUT_JobSettings!$B:$B, ""), Constants!$A:$A, Constants!$D:$D, ""), ""), 0.25), ""))) | M56: =IF($A56="","",IF($E56="None",0,IF($D56="", "",IFERROR(CEILING( ($D56*IF($E56="Full",1, XLOOKUP("PrimerSpotFactor",Constants!$A$10:$A$60,Constants!$B$10:$B$60))) / IFERROR(XLOOKUP(XLOOKUP('Job Control'!$B$3, INPUT_JobSettings!$A:$A, INPUT_JobSettings!$E:$E, ""), Constants!$A:$A, Constants!$D:$D, ""), ""), 0.25), "")))) | N56: =IF($A56="","",IFERROR($L56*IFERROR(XLOOKUP(XLOOKUP('Job Control'!$B$3, INPUT_JobSettings!$A:$A, INPUT_JobSettings!$B:$B, ""), Constants!$A:$A, Constants!$C:$C, 0), 0) + $M56*IFERROR(XLOOKUP(XLOOKUP('Job Control'!$B$3, INPUT_JobSettings!$A:$A, INPUT_JobSettings!$E:$E, ""), Constants!$A:$A, Constants!$C:$C, 0), 0),0)) | O56: =IF($A56="","", SUM($H56:$K56)) | P56: =IF($A56="","", $O56/60) | Q56: =IF($A56="","", $P56*IFERROR(IF(XLOOKUP('Job Control'!$B$3, INPUT_JobSettings!$A:$A, INPUT_JobSettings!$F:$F, "")<>"", XLOOKUP('Job Control'!$B$3, INPUT_JobSettings!$A:$A, INPUT_JobSettings!$F:$F, ""), $B$6), $B$6)) | R56: =IF($A56="","", ($Q56+$N56)*IFERROR(IF(XLOOKUP('Job Control'!$B$3, INPUT_JobSettings!$A:$A, INPUT_JobSettings!$G:$G, "")<>"", XLOOKUP('Job Control'!$B$3, INPUT_JobSettings!$A:$A, INPUT_JobSettings!$G:$G, ""), $B$7), $B$7)) | S56: =IF($A56="","", XLOOKUP($A56, INPUT_Rooms!$B:$B, INPUT_Rooms!$AH:$AH, ""))
A57: =IFERROR(INDEX(FILTER(INPUT_Rooms!$B$4:$B$83, INPUT_Rooms!$A$4:$A$83=$B$4, INPUT_Rooms!$K$4:$K$83="Y"), 47), "") | B57: =IF(A57="","", XLOOKUP(A57, FILTER(INPUT_Rooms!$B$4:$B$83, INPUT_Rooms!$A$4:$A$83=$B$4), FILTER(INPUT_Rooms!$C$4:$C$83, INPUT_Rooms!$A$4:$A$83=$B$4), "")) | C57: =IF(A57="","", "Y") | D57: =IF(A57="","", XLOOKUP(A57, INPUT_Rooms!$B:$B, INPUT_Rooms!$AD:$AD, "")) | E57: =IF(A57="","", XLOOKUP(A57, INPUT_Rooms!$B:$B, INPUT_Rooms!$L:$L, "")) | F57: =IF(A57="","", XLOOKUP(A57, INPUT_Rooms!$B:$B, INPUT_Rooms!$M:$M, "")) | G57: =IF(A57="","", IF(XLOOKUP(A57, INPUT_Rooms!$B:$B, INPUT_Rooms!$N:$N, "")="", $B$5, XLOOKUP(A57, INPUT_Rooms!$B:$B, INPUT_Rooms!$N:$N, ""))) | H57: =IF(A57="","", D57*XLOOKUP("PrepMinsPerSqft",Constants!$A$20:$A$40,Constants!$B$20:$B$40)*XLOOKUP(G57,Constants!$E$10:$E$30,Constants!$F$10:$F$30)) | I57: =IF(A57="","", D57*XLOOKUP("PaintMinsPerSqftPerCoat",Constants!$A$20:$A$40,Constants!$B$20:$B$40)*F57) | J57: =IF(A57="","", IF(E57="Full", D57*XLOOKUP("PrimerFullMinsPerSqft",Constants!$A$20:$A$40,Constants!$B$20:$B$40), IF(E57="Spot", D57*XLOOKUP("PrimerFullMinsPerSqft",Constants!$A$20:$A$40,Constants!$B$20:$B$40)*XLOOKUP("PrimerSpotFactor",Constants!$A$20:$A$40,Constants!$B$20:$B$40), 0))) | K57: =IF(A57="","", SUMPRODUCT((INPUT_Openings!$A:$A=$B$4)*(INPUT_Openings!$B:$B=A57)*(INPUT_Openings!$D:$D)*INPUT_Openings!$F:$F)) | L57: =IF($A57="","",IF($D57="", "",IFERROR(CEILING( ($D57*$F57) / IFERROR(XLOOKUP(XLOOKUP('Job Control'!$B$3, INPUT_JobSettings!$A:$A, INPUT_JobSettings!$B:$B, ""), Constants!$A:$A, Constants!$D:$D, ""), ""), 0.25), ""))) | M57: =IF($A57="","",IF($E57="None",0,IF($D57="", "",IFERROR(CEILING( ($D57*IF($E57="Full",1, XLOOKUP("PrimerSpotFactor",Constants!$A$10:$A$60,Constants!$B$10:$B$60))) / IFERROR(XLOOKUP(XLOOKUP('Job Control'!$B$3, INPUT_JobSettings!$A:$A, INPUT_JobSettings!$E:$E, ""), Constants!$A:$A, Constants!$D:$D, ""), ""), 0.25), "")))) | N57: =IF($A57="","",IFERROR($L57*IFERROR(XLOOKUP(XLOOKUP('Job Control'!$B$3, INPUT_JobSettings!$A:$A, INPUT_JobSettings!$B:$B, ""), Constants!$A:$A, Constants!$C:$C, 0), 0) + $M57*IFERROR(XLOOKUP(XLOOKUP('Job Control'!$B$3, INPUT_JobSettings!$A:$A, INPUT_JobSettings!$E:$E, ""), Constants!$A:$A, Constants!$C:$C, 0), 0),0)) | O57: =IF($A57="","", SUM($H57:$K57)) | P57: =IF($A57="","", $O57/60) | Q57: =IF($A57="","", $P57*IFERROR(IF(XLOOKUP('Job Control'!$B$3, INPUT_JobSettings!$A:$A, INPUT_JobSettings!$F:$F, "")<>"", XLOOKUP('Job Control'!$B$3, INPUT_JobSettings!$A:$A, INPUT_JobSettings!$F:$F, ""), $B$6), $B$6)) | R57: =IF($A57="","", ($Q57+$N57)*IFERROR(IF(XLOOKUP('Job Control'!$B$3, INPUT_JobSettings!$A:$A, INPUT_JobSettings!$G:$G, "")<>"", XLOOKUP('Job Control'!$B$3, INPUT_JobSettings!$A:$A, INPUT_JobSettings!$G:$G, ""), $B$7), $B$7)) | S57: =IF($A57="","", XLOOKUP($A57, INPUT_Rooms!$B:$B, INPUT_Rooms!$AH:$AH, ""))
A58: =IFERROR(INDEX(FILTER(INPUT_Rooms!$B$4:$B$83, INPUT_Rooms!$A$4:$A$83=$B$4, INPUT_Rooms!$K$4:$K$83="Y"), 48), "") | B58: =IF(A58="","", XLOOKUP(A58, FILTER(INPUT_Rooms!$B$4:$B$83, INPUT_Rooms!$A$4:$A$83=$B$4), FILTER(INPUT_Rooms!$C$4:$C$83, INPUT_Rooms!$A$4:$A$83=$B$4), "")) | C58: =IF(A58="","", "Y") | D58: =IF(A58="","", XLOOKUP(A58, INPUT_Rooms!$B:$B, INPUT_Rooms!$AD:$AD, "")) | E58: =IF(A58="","", XLOOKUP(A58, INPUT_Rooms!$B:$B, INPUT_Rooms!$L:$L, "")) | F58: =IF(A58="","", XLOOKUP(A58, INPUT_Rooms!$B:$B, INPUT_Rooms!$M:$M, "")) | G58: =IF(A58="","", IF(XLOOKUP(A58, INPUT_Rooms!$B:$B, INPUT_Rooms!$N:$N, "")="", $B$5, XLOOKUP(A58, INPUT_Rooms!$B:$B, INPUT_Rooms!$N:$N, ""))) | H58: =IF(A58="","", D58*XLOOKUP("PrepMinsPerSqft",Constants!$A$20:$A$40,Constants!$B$20:$B$40)*XLOOKUP(G58,Constants!$E$10:$E$30,Constants!$F$10:$F$30)) | I58: =IF(A58="","", D58*XLOOKUP("PaintMinsPerSqftPerCoat",Constants!$A$20:$A$40,Constants!$B$20:$B$40)*F58) | J58: =IF(A58="","", IF(E58="Full", D58*XLOOKUP("PrimerFullMinsPerSqft",Constants!$A$20:$A$40,Constants!$B$20:$B$40), IF(E58="Spot", D58*XLOOKUP("PrimerFullMinsPerSqft",Constants!$A$20:$A$40,Constants!$B$20:$B$40)*XLOOKUP("PrimerSpotFactor",Constants!$A$20:$A$40,Constants!$B$20:$B$40), 0))) | K58: =IF(A58="","", SUMPRODUCT((INPUT_Openings!$A:$A=$B$4)*(INPUT_Openings!$B:$B=A58)*(INPUT_Openings!$D:$D)*INPUT_Openings!$F:$F)) | L58: =IF($A58="","",IF($D58="", "",IFERROR(CEILING( ($D58*$F58) / IFERROR(XLOOKUP(XLOOKUP('Job Control'!$B$3, INPUT_JobSettings!$A:$A, INPUT_JobSettings!$B:$B, ""), Constants!$A:$A, Constants!$D:$D, ""), ""), 0.25), ""))) | M58: =IF($A58="","",IF($E58="None",0,IF($D58="", "",IFERROR(CEILING( ($D58*IF($E58="Full",1, XLOOKUP("PrimerSpotFactor",Constants!$A$10:$A$60,Constants!$B$10:$B$60))) / IFERROR(XLOOKUP(XLOOKUP('Job Control'!$B$3, INPUT_JobSettings!$A:$A, INPUT_JobSettings!$E:$E, ""), Constants!$A:$A, Constants!$D:$D, ""), ""), 0.25), "")))) | N58: =IF($A58="","",IFERROR($L58*IFERROR(XLOOKUP(XLOOKUP('Job Control'!$B$3, INPUT_JobSettings!$A:$A, INPUT_JobSettings!$B:$B, ""), Constants!$A:$A, Constants!$C:$C, 0), 0) + $M58*IFERROR(XLOOKUP(XLOOKUP('Job Control'!$B$3, INPUT_JobSettings!$A:$A, INPUT_JobSettings!$E:$E, ""), Constants!$A:$A, Constants!$C:$C, 0), 0),0)) | O58: =IF($A58="","", SUM($H58:$K58)) | P58: =IF($A58="","", $O58/60) | Q58: =IF($A58="","", $P58*IFERROR(IF(XLOOKUP('Job Control'!$B$3, INPUT_JobSettings!$A:$A, INPUT_JobSettings!$F:$F, "")<>"", XLOOKUP('Job Control'!$B$3, INPUT_JobSettings!$A:$A, INPUT_JobSettings!$F:$F, ""), $B$6), $B$6)) | R58: =IF($A58="","", ($Q58+$N58)*IFERROR(IF(XLOOKUP('Job Control'!$B$3, INPUT_JobSettings!$A:$A, INPUT_JobSettings!$G:$G, "")<>"", XLOOKUP('Job Control'!$B$3, INPUT_JobSettings!$A:$A, INPUT_JobSettings!$G:$G, ""), $B$7), $B$7)) | S58: =IF($A58="","", XLOOKUP($A58, INPUT_Rooms!$B:$B, INPUT_Rooms!$AH:$AH, ""))
A59: =IFERROR(INDEX(FILTER(INPUT_Rooms!$B$4:$B$83, INPUT_Rooms!$A$4:$A$83=$B$4, INPUT_Rooms!$K$4:$K$83="Y"), 49), "") | B59: =IF(A59="","", XLOOKUP(A59, FILTER(INPUT_Rooms!$B$4:$B$83, INPUT_Rooms!$A$4:$A$83=$B$4), FILTER(INPUT_Rooms!$C$4:$C$83, INPUT_Rooms!$A$4:$A$83=$B$4), "")) | C59: =IF(A59="","", "Y") | D59: =IF(A59="","", XLOOKUP(A59, INPUT_Rooms!$B:$B, INPUT_Rooms!$AD:$AD, "")) | E59: =IF(A59="","", XLOOKUP(A59, INPUT_Rooms!$B:$B, INPUT_Rooms!$L:$L, "")) | F59: =IF(A59="","", XLOOKUP(A59, INPUT_Rooms!$B:$B, INPUT_Rooms!$M:$M, "")) | G59: =IF(A59="","", IF(XLOOKUP(A59, INPUT_Rooms!$B:$B, INPUT_Rooms!$N:$N, "")="", $B$5, XLOOKUP(A59, INPUT_Rooms!$B:$B, INPUT_Rooms!$N:$N, ""))) | H59: =IF(A59="","", D59*XLOOKUP("PrepMinsPerSqft",Constants!$A$20:$A$40,Constants!$B$20:$B$40)*XLOOKUP(G59,Constants!$E$10:$E$30,Constants!$F$10:$F$30)) | I59: =IF(A59="","", D59*XLOOKUP("PaintMinsPerSqftPerCoat",Constants!$A$20:$A$40,Constants!$B$20:$B$40)*F59) | J59: =IF(A59="","", IF(E59="Full", D59*XLOOKUP("PrimerFullMinsPerSqft",Constants!$A$20:$A$40,Constants!$B$20:$B$40), IF(E59="Spot", D59*XLOOKUP("PrimerFullMinsPerSqft",Constants!$A$20:$A$40,Constants!$B$20:$B$40)*XLOOKUP("PrimerSpotFactor",Constants!$A$20:$A$40,Constants!$B$20:$B$40), 0))) | K59: =IF(A59="","", SUMPRODUCT((INPUT_Openings!$A:$A=$B$4)*(INPUT_Openings!$B:$B=A59)*(INPUT_Openings!$D:$D)*INPUT_Openings!$F:$F)) | L59: =IF($A59="","",IF($D59="", "",IFERROR(CEILING( ($D59*$F59) / IFERROR(XLOOKUP(XLOOKUP('Job Control'!$B$3, INPUT_JobSettings!$A:$A, INPUT_JobSettings!$B:$B, ""), Constants!$A:$A, Constants!$D:$D, ""), ""), 0.25), ""))) | M59: =IF($A59="","",IF($E59="None",0,IF($D59="", "",IFERROR(CEILING( ($D59*IF($E59="Full",1, XLOOKUP("PrimerSpotFactor",Constants!$A$10:$A$60,Constants!$B$10:$B$60))) / IFERROR(XLOOKUP(XLOOKUP('Job Control'!$B$3, INPUT_JobSettings!$A:$A, INPUT_JobSettings!$E:$E, ""), Constants!$A:$A, Constants!$D:$D, ""), ""), 0.25), "")))) | N59: =IF($A59="","",IFERROR($L59*IFERROR(XLOOKUP(XLOOKUP('Job Control'!$B$3, INPUT_JobSettings!$A:$A, INPUT_JobSettings!$B:$B, ""), Constants!$A:$A, Constants!$C:$C, 0), 0) + $M59*IFERROR(XLOOKUP(XLOOKUP('Job Control'!$B$3, INPUT_JobSettings!$A:$A, INPUT_JobSettings!$E:$E, ""), Constants!$A:$A, Constants!$C:$C, 0), 0),0)) | O59: =IF($A59="","", SUM($H59:$K59)) | P59: =IF($A59="","", $O59/60) | Q59: =IF($A59="","", $P59*IFERROR(IF(XLOOKUP('Job Control'!$B$3, INPUT_JobSettings!$A:$A, INPUT_JobSettings!$F:$F, "")<>"", XLOOKUP('Job Control'!$B$3, INPUT_JobSettings!$A:$A, INPUT_JobSettings!$F:$F, ""), $B$6), $B$6)) | R59: =IF($A59="","", ($Q59+$N59)*IFERROR(IF(XLOOKUP('Job Control'!$B$3, INPUT_JobSettings!$A:$A, INPUT_JobSettings!$G:$G, "")<>"", XLOOKUP('Job Control'!$B$3, INPUT_JobSettings!$A:$A, INPUT_JobSettings!$G:$G, ""), $B$7), $B$7)) | S59: =IF($A59="","", XLOOKUP($A59, INPUT_Rooms!$B:$B, INPUT_Rooms!$AH:$AH, ""))
A60: =IFERROR(INDEX(FILTER(INPUT_Rooms!$B$4:$B$83, INPUT_Rooms!$A$4:$A$83=$B$4, INPUT_Rooms!$K$4:$K$83="Y"), 50), "") | B60: =IF(A60="","", XLOOKUP(A60, FILTER(INPUT_Rooms!$B$4:$B$83, INPUT_Rooms!$A$4:$A$83=$B$4), FILTER(INPUT_Rooms!$C$4:$C$83, INPUT_Rooms!$A$4:$A$83=$B$4), "")) | C60: =IF(A60="","", "Y") | D60: =IF(A60="","", XLOOKUP(A60, INPUT_Rooms!$B:$B, INPUT_Rooms!$AD:$AD, "")) | E60: =IF(A60="","", XLOOKUP(A60, INPUT_Rooms!$B:$B, INPUT_Rooms!$L:$L, "")) | F60: =IF(A60="","", XLOOKUP(A60, INPUT_Rooms!$B:$B, INPUT_Rooms!$M:$M, "")) | G60: =IF(A60="","", IF(XLOOKUP(A60, INPUT_Rooms!$B:$B, INPUT_Rooms!$N:$N, "")="", $B$5, XLOOKUP(A60, INPUT_Rooms!$B:$B, INPUT_Rooms!$N:$N, ""))) | H60: =IF(A60="","", D60*XLOOKUP("PrepMinsPerSqft",Constants!$A$20:$A$40,Constants!$B$20:$B$40)*XLOOKUP(G60,Constants!$E$10:$E$30,Constants!$F$10:$F$30)) | I60: =IF(A60="","", D60*XLOOKUP("PaintMinsPerSqftPerCoat",Constants!$A$20:$A$40,Constants!$B$20:$B$40)*F60) | J60: =IF(A60="","", IF(E60="Full", D60*XLOOKUP("PrimerFullMinsPerSqft",Constants!$A$20:$A$40,Constants!$B$20:$B$40), IF(E60="Spot", D60*XLOOKUP("PrimerFullMinsPerSqft",Constants!$A$20:$A$40,Constants!$B$20:$B$40)*XLOOKUP("PrimerSpotFactor",Constants!$A$20:$A$40,Constants!$B$20:$B$40), 0))) | K60: =IF(A60="","", SUMPRODUCT((INPUT_Openings!$A:$A=$B$4)*(INPUT_Openings!$B:$B=A60)*(INPUT_Openings!$D:$D)*INPUT_Openings!$F:$F)) | L60: =IF($A60="","",IF($D60="", "",IFERROR(CEILING( ($D60*$F60) / IFERROR(XLOOKUP(XLOOKUP('Job Control'!$B$3, INPUT_JobSettings!$A:$A, INPUT_JobSettings!$B:$B, ""), Constants!$A:$A, Constants!$D:$D, ""), ""), 0.25), ""))) | M60: =IF($A60="","",IF($E60="None",0,IF($D60="", "",IFERROR(CEILING( ($D60*IF($E60="Full",1, XLOOKUP("PrimerSpotFactor",Constants!$A$10:$A$60,Constants!$B$10:$B$60))) / IFERROR(XLOOKUP(XLOOKUP('Job Control'!$B$3, INPUT_JobSettings!$A:$A, INPUT_JobSettings!$E:$E, ""), Constants!$A:$A, Constants!$D:$D, ""), ""), 0.25), "")))) | N60: =IF($A60="","",IFERROR($L60*IFERROR(XLOOKUP(XLOOKUP('Job Control'!$B$3, INPUT_JobSettings!$A:$A, INPUT_JobSettings!$B:$B, ""), Constants!$A:$A, Constants!$C:$C, 0), 0) + $M60*IFERROR(XLOOKUP(XLOOKUP('Job Control'!$B$3, INPUT_JobSettings!$A:$A, INPUT_JobSettings!$E:$E, ""), Constants!$A:$A, Constants!$C:$C, 0), 0),0)) | O60: =IF($A60="","", SUM($H60:$K60)) | P60: =IF($A60="","", $O60/60) | Q60: =IF($A60="","", $P60*IFERROR(IF(XLOOKUP('Job Control'!$B$3, INPUT_JobSettings!$A:$A, INPUT_JobSettings!$F:$F, "")<>"", XLOOKUP('Job Control'!$B$3, INPUT_JobSettings!$A:$A, INPUT_JobSettings!$F:$F, ""), $B$6), $B$6)) | R60: =IF($A60="","", ($Q60+$N60)*IFERROR(IF(XLOOKUP('Job Control'!$B$3, INPUT_JobSettings!$A:$A, INPUT_JobSettings!$G:$G, "")<>"", XLOOKUP('Job Control'!$B$3, INPUT_JobSettings!$A:$A, INPUT_JobSettings!$G:$G, ""), $B$7), $B$7)) | S60: =IF($A60="","", XLOOKUP($A60, INPUT_Rooms!$B:$B, INPUT_Rooms!$AH:$AH, ""))
A61: =IFERROR(INDEX(FILTER(INPUT_Rooms!$B$4:$B$83, INPUT_Rooms!$A$4:$A$83=$B$4, INPUT_Rooms!$K$4:$K$83="Y"), 51), "") | B61: =IF(A61="","", XLOOKUP(A61, FILTER(INPUT_Rooms!$B$4:$B$83, INPUT_Rooms!$A$4:$A$83=$B$4), FILTER(INPUT_Rooms!$C$4:$C$83, INPUT_Rooms!$A$4:$A$83=$B$4), "")) | C61: =IF(A61="","", "Y") | D61: =IF(A61="","", XLOOKUP(A61, INPUT_Rooms!$B:$B, INPUT_Rooms!$AD:$AD, "")) | E61: =IF(A61="","", XLOOKUP(A61, INPUT_Rooms!$B:$B, INPUT_Rooms!$L:$L, "")) | F61: =IF(A61="","", XLOOKUP(A61, INPUT_Rooms!$B:$B, INPUT_Rooms!$M:$M, "")) | G61: =IF(A61="","", IF(XLOOKUP(A61, INPUT_Rooms!$B:$B, INPUT_Rooms!$N:$N, "")="", $B$5, XLOOKUP(A61, INPUT_Rooms!$B:$B, INPUT_Rooms!$N:$N, ""))) | H61: =IF(A61="","", D61*XLOOKUP("PrepMinsPerSqft",Constants!$A$20:$A$40,Constants!$B$20:$B$40)*XLOOKUP(G61,Constants!$E$10:$E$30,Constants!$F$10:$F$30)) | I61: =IF(A61="","", D61*XLOOKUP("PaintMinsPerSqftPerCoat",Constants!$A$20:$A$40,Constants!$B$20:$B$40)*F61) | J61: =IF(A61="","", IF(E61="Full", D61*XLOOKUP("PrimerFullMinsPerSqft",Constants!$A$20:$A$40,Constants!$B$20:$B$40), IF(E61="Spot", D61*XLOOKUP("PrimerFullMinsPerSqft",Constants!$A$20:$A$40,Constants!$B$20:$B$40)*XLOOKUP("PrimerSpotFactor",Constants!$A$20:$A$40,Constants!$B$20:$B$40), 0))) | K61: =IF(A61="","", SUMPRODUCT((INPUT_Openings!$A:$A=$B$4)*(INPUT_Openings!$B:$B=A61)*(INPUT_Openings!$D:$D)*INPUT_Openings!$F:$F)) | L61: =IF($A61="","",IF($D61="", "",IFERROR(CEILING( ($D61*$F61) / IFERROR(XLOOKUP(XLOOKUP('Job Control'!$B$3, INPUT_JobSettings!$A:$A, INPUT_JobSettings!$B:$B, ""), Constants!$A:$A, Constants!$D:$D, ""), ""), 0.25), ""))) | M61: =IF($A61="","",IF($E61="None",0,IF($D61="", "",IFERROR(CEILING( ($D61*IF($E61="Full",1, XLOOKUP("PrimerSpotFactor",Constants!$A$10:$A$60,Constants!$B$10:$B$60))) / IFERROR(XLOOKUP(XLOOKUP('Job Control'!$B$3, INPUT_JobSettings!$A:$A, INPUT_JobSettings!$E:$E, ""), Constants!$A:$A, Constants!$D:$D, ""), ""), 0.25), "")))) | N61: =IF($A61="","",IFERROR($L61*IFERROR(XLOOKUP(XLOOKUP('Job Control'!$B$3, INPUT_JobSettings!$A:$A, INPUT_JobSettings!$B:$B, ""), Constants!$A:$A, Constants!$C:$C, 0), 0) + $M61*IFERROR(XLOOKUP(XLOOKUP('Job Control'!$B$3, INPUT_JobSettings!$A:$A, INPUT_JobSettings!$E:$E, ""), Constants!$A:$A, Constants!$C:$C, 0), 0),0)) | O61: =IF($A61="","", SUM($H61:$K61)) | P61: =IF($A61="","", $O61/60) | Q61: =IF($A61="","", $P61*IFERROR(IF(XLOOKUP('Job Control'!$B$3, INPUT_JobSettings!$A:$A, INPUT_JobSettings!$F:$F, "")<>"", XLOOKUP('Job Control'!$B$3, INPUT_JobSettings!$A:$A, INPUT_JobSettings!$F:$F, ""), $B$6), $B$6)) | R61: =IF($A61="","", ($Q61+$N61)*IFERROR(IF(XLOOKUP('Job Control'!$B$3, INPUT_JobSettings!$A:$A, INPUT_JobSettings!$G:$G, "")<>"", XLOOKUP('Job Control'!$B$3, INPUT_JobSettings!$A:$A, INPUT_JobSettings!$G:$G, ""), $B$7), $B$7)) | S61: =IF($A61="","", XLOOKUP($A61, INPUT_Rooms!$B:$B, INPUT_Rooms!$AH:$AH, ""))
A62: =IFERROR(INDEX(FILTER(INPUT_Rooms!$B$4:$B$83, INPUT_Rooms!$A$4:$A$83=$B$4, INPUT_Rooms!$K$4:$K$83="Y"), 52), "") | B62: =IF(A62="","", XLOOKUP(A62, FILTER(INPUT_Rooms!$B$4:$B$83, INPUT_Rooms!$A$4:$A$83=$B$4), FILTER(INPUT_Rooms!$C$4:$C$83, INPUT_Rooms!$A$4:$A$83=$B$4), "")) | C62: =IF(A62="","", "Y") | D62: =IF(A62="","", XLOOKUP(A62, INPUT_Rooms!$B:$B, INPUT_Rooms!$AD:$AD, "")) | E62: =IF(A62="","", XLOOKUP(A62, INPUT_Rooms!$B:$B, INPUT_Rooms!$L:$L, "")) | F62: =IF(A62="","", XLOOKUP(A62, INPUT_Rooms!$B:$B, INPUT_Rooms!$M:$M, "")) | G62: =IF(A62="","", IF(XLOOKUP(A62, INPUT_Rooms!$B:$B, INPUT_Rooms!$N:$N, "")="", $B$5, XLOOKUP(A62, INPUT_Rooms!$B:$B, INPUT_Rooms!$N:$N, ""))) | H62: =IF(A62="","", D62*XLOOKUP("PrepMinsPerSqft",Constants!$A$20:$A$40,Constants!$B$20:$B$40)*XLOOKUP(G62,Constants!$E$10:$E$30,Constants!$F$10:$F$30)) | I62: =IF(A62="","", D62*XLOOKUP("PaintMinsPerSqftPerCoat",Constants!$A$20:$A$40,Constants!$B$20:$B$40)*F62) | J62: =IF(A62="","", IF(E62="Full", D62*XLOOKUP("PrimerFullMinsPerSqft",Constants!$A$20:$A$40,Constants!$B$20:$B$40), IF(E62="Spot", D62*XLOOKUP("PrimerFullMinsPerSqft",Constants!$A$20:$A$40,Constants!$B$20:$B$40)*XLOOKUP("PrimerSpotFactor",Constants!$A$20:$A$40,Constants!$B$20:$B$40), 0))) | K62: =IF(A62="","", SUMPRODUCT((INPUT_Openings!$A:$A=$B$4)*(INPUT_Openings!$B:$B=A62)*(INPUT_Openings!$D:$D)*INPUT_Openings!$F:$F)) | L62: =IF($A62="","",IF($D62="", "",IFERROR(CEILING( ($D62*$F62) / IFERROR(XLOOKUP(XLOOKUP('Job Control'!$B$3, INPUT_JobSettings!$A:$A, INPUT_JobSettings!$B:$B, ""), Constants!$A:$A, Constants!$D:$D, ""), ""), 0.25), ""))) | M62: =IF($A62="","",IF($E62="None",0,IF($D62="", "",IFERROR(CEILING( ($D62*IF($E62="Full",1, XLOOKUP("PrimerSpotFactor",Constants!$A$10:$A$60,Constants!$B$10:$B$60))) / IFERROR(XLOOKUP(XLOOKUP('Job Control'!$B$3, INPUT_JobSettings!$A:$A, INPUT_JobSettings!$E:$E, ""), Constants!$A:$A, Constants!$D:$D, ""), ""), 0.25), "")))) | N62: =IF($A62="","",IFERROR($L62*IFERROR(XLOOKUP(XLOOKUP('Job Control'!$B$3, INPUT_JobSettings!$A:$A, INPUT_JobSettings!$B:$B, ""), Constants!$A:$A, Constants!$C:$C, 0), 0) + $M62*IFERROR(XLOOKUP(XLOOKUP('Job Control'!$B$3, INPUT_JobSettings!$A:$A, INPUT_JobSettings!$E:$E, ""), Constants!$A:$A, Constants!$C:$C, 0), 0),0)) | O62: =IF($A62="","", SUM($H62:$K62)) | P62: =IF($A62="","", $O62/60) | Q62: =IF($A62="","", $P62*IFERROR(IF(XLOOKUP('Job Control'!$B$3, INPUT_JobSettings!$A:$A, INPUT_JobSettings!$F:$F, "")<>"", XLOOKUP('Job Control'!$B$3, INPUT_JobSettings!$A:$A, INPUT_JobSettings!$F:$F, ""), $B$6), $B$6)) | R62: =IF($A62="","", ($Q62+$N62)*IFERROR(IF(XLOOKUP('Job Control'!$B$3, INPUT_JobSettings!$A:$A, INPUT_JobSettings!$G:$G, "")<>"", XLOOKUP('Job Control'!$B$3, INPUT_JobSettings!$A:$A, INPUT_JobSettings!$G:$G, ""), $B$7), $B$7)) | S62: =IF($A62="","", XLOOKUP($A62, INPUT_Rooms!$B:$B, INPUT_Rooms!$AH:$AH, ""))
